-- phpMyAdmin SQL Dump
-- version 4.7.3
-- https://www.phpmyadmin.net/
--
-- Host: ozidricexaozi.mysql.db
-- Generation Time: Mar 23, 2018 at 09:13 PM
-- Server version: 5.6.34-log
-- PHP Version: 7.0.27

SET SQL_MODE = "NO_AUTO_VALUE_ON_ZERO";
SET AUTOCOMMIT = 0;
START TRANSACTION;
SET time_zone = "+00:00";


/*!40101 SET @OLD_CHARACTER_SET_CLIENT=@@CHARACTER_SET_CLIENT */;
/*!40101 SET @OLD_CHARACTER_SET_RESULTS=@@CHARACTER_SET_RESULTS */;
/*!40101 SET @OLD_COLLATION_CONNECTION=@@COLLATION_CONNECTION */;
/*!40101 SET NAMES utf8mb4 */;

--
-- Database: `ozidricexaozi`
--

-- --------------------------------------------------------

--
-- Table structure for table `VP_Joueur`
--

CREATE TABLE `VP_Joueur` (
  `idJoueur` int(11) NOT NULL,
  `pseudo` varchar(128) NOT NULL
) ENGINE=InnoDB DEFAULT CHARSET=latin1;

--
-- Dumping data for table `VP_Joueur`
--

INSERT INTO `VP_Joueur` (`idJoueur`, `pseudo`) VALUES
(1, 'test'),
(2, 'test2'),
(3, 'pseudorandom'),
(18, 'Damien'),
(19, 'GTest'),
(20, 'dqkj'),
(21, 'Dami'),
(22, 'desf'),
(23, 'sfdfvhj'),
(24, 'Tst'),
(25, 'df'),
(26, 'sqdohj'),
(27, 'Damin'),
(28, 'Axel'),
(29, 'fdsgsd'),
(30, 'ghg'),
(31, 'bite'),
(32, 'iuy'),
(33, 'dfiuy'),
(34, 'GTewt'),
(35, 'Damien2'),
(36, 'Damoe,'),
(37, 'fsf'),
(38, 'fsg'),
(39, 'tes'),
(40, 'qslkjd'),
(41, 'gfvtest'),
(42, 'gsdg'),
(43, 'gfdgdh'),
(44, 'gdfgdh'),
(45, 'qdqsd'),
(46, 'dqdq'),
(47, 'dqzdq'),
(48, 'dokqd'),
(49, 'fdffd'),
(50, 'nfgn'),
(51, 'hdfh'),
(52, 'dfqzdq'),
(53, 'dqd'),
(54, 'qdsdd'),
(55, 'dqzdzq'),
(56, 'dqzd'),
(57, 'dqdqsd'),
(58, 'Dzqd'),
(59, 'Damein'),
(60, 'Dadzqdqsd'),
(61, 'Daqdpozkd'),
(62, 'dsqdsq'),
(63, 'Dadqsdij'),
(64, 'tested'),
(65, 'kh'),
(66, 'fqd'),
(67, 'ouh'),
(68, 'dqdqs'),
(69, 'fdsff'),
(70, 'sdfsdf'),
(71, 'tsdsgg'),
(72, 'fdsfsf'),
(73, 'dfsf'),
(74, 'dsfsf'),
(75, 'dfsfsf'),
(76, 'fesdf'),
(77, 'dedede'),
(78, 'fsdfs'),
(79, 'tsgsg'),
(80, 'fsfs'),
(81, 'ffffff'),
(82, 'Axel1'),
(83, 'Axel2'),
(84, 'axel3'),
(85, 'axel4'),
(86, 'dqsd'),
(87, 'Adqskd'),
(88, 'DamienB'),
(89, 'DamienT'),
(90, 'Lucas'),
(91, 'ffdf'),
(92, 'jeanive'),
(93, 'fdsf'),
(94, 'fdsfsdf'),
(95, 'fsfsf'),
(96, 'fffff'),
(97, 'hehe'),
(98, 'hihi'),
(99, 'hoho'),
(100, 'est'),
(101, 'Jean');

-- --------------------------------------------------------

--
-- Table structure for table `VP_Partie`
--

CREATE TABLE `VP_Partie` (
  `idPartie` int(11) NOT NULL,
  `tourCourant` int(11) NOT NULL DEFAULT '0',
  `etat` varchar(64) NOT NULL DEFAULT '1',
  `date` datetime NOT NULL DEFAULT CURRENT_TIMESTAMP
) ENGINE=InnoDB DEFAULT CHARSET=latin1;

--
-- Dumping data for table `VP_Partie`
--

INSERT INTO `VP_Partie` (`idPartie`, `tourCourant`, `etat`, `date`) VALUES
(1, 0, '3', '2017-12-01 23:31:25'),
(2, 0, '3', '2017-12-01 23:31:40'),
(3, 0, '3', '2017-12-01 23:31:55'),
(4, 0, '3', '2017-12-01 23:32:10'),
(5, 0, '3', '2017-12-01 23:32:25'),
(6, 0, '3', '2017-12-01 23:42:27'),
(7, 0, '3', '2017-12-01 23:42:42'),
(8, 0, '3', '2017-12-01 23:42:57'),
(9, 0, '3', '2017-12-01 23:43:12'),
(10, 0, '3', '2017-12-01 23:43:27'),
(11, 0, '3', '2017-12-01 23:44:44'),
(12, 0, '3', '2017-12-01 23:45:24'),
(13, 0, '3', '2017-12-01 23:48:18'),
(14, 0, '3', '2017-12-01 23:55:38'),
(15, 0, '3', '2017-12-01 23:56:24'),
(16, 0, '3', '2017-12-01 23:58:58'),
(17, 0, '3', '2017-12-01 23:59:53'),
(18, 0, '3', '2017-12-02 00:01:21'),
(19, 0, '3', '2017-12-02 00:02:26'),
(20, 0, '3', '2017-12-02 00:02:41'),
(21, 0, '3', '2017-12-02 00:02:45'),
(22, 0, '3', '2017-12-02 00:08:42'),
(23, 0, '3', '2017-12-02 00:13:14'),
(24, 0, '3', '2017-12-02 00:13:18'),
(25, 0, '3', '2017-12-02 00:14:45'),
(26, 0, '3', '2017-12-02 00:16:00'),
(27, 0, '2', '2017-12-02 00:17:05'),
(28, 0, '1', '2017-12-12 12:09:19'),
(29, 0, '1', '2017-12-12 12:09:20'),
(30, 0, '1', '2017-12-12 12:09:28'),
(31, 0, '1', '2017-12-12 12:09:28'),
(32, 0, '1', '2017-12-12 12:09:30'),
(33, 0, '1', '2017-12-12 12:09:32'),
(34, 0, '1', '2017-12-12 12:09:39'),
(35, 0, '1', '2017-12-12 12:10:00'),
(36, 0, '1', '2017-12-12 12:10:21'),
(37, 0, '1', '2017-12-12 12:10:26'),
(38, 0, '1', '2017-12-12 12:10:51'),
(39, 0, '1', '2017-12-12 12:11:13'),
(40, 0, '1', '2017-12-12 12:12:08'),
(41, 0, '1', '2017-12-12 12:12:11'),
(42, 0, '1', '2017-12-12 12:12:28'),
(43, 0, '1', '2017-12-12 12:12:28'),
(44, 0, '1', '2017-12-12 12:12:30'),
(45, 0, '1', '2017-12-12 12:12:32'),
(46, 0, '1', '2017-12-12 12:12:39'),
(47, 0, '1', '2017-12-12 12:12:43'),
(48, 0, '1', '2017-12-12 12:12:43'),
(49, 0, '1', '2017-12-12 12:12:45'),
(50, 0, '1', '2017-12-12 12:12:47'),
(51, 0, '1', '2017-12-12 12:12:47'),
(52, 0, '1', '2017-12-12 12:12:54'),
(53, 0, '1', '2017-12-12 12:12:54'),
(54, 0, '1', '2017-12-12 12:12:58'),
(55, 0, '1', '2017-12-12 12:12:58'),
(56, 0, '1', '2017-12-12 12:13:00'),
(57, 0, '1', '2017-12-12 12:13:02'),
(58, 0, '1', '2017-12-12 12:13:04'),
(59, 0, '1', '2017-12-12 12:13:10'),
(60, 0, '1', '2017-12-12 12:13:13'),
(61, 0, '1', '2017-12-12 12:13:15'),
(62, 0, '1', '2017-12-12 12:13:15'),
(63, 0, '1', '2017-12-12 12:13:18'),
(64, 0, '1', '2017-12-12 12:13:21'),
(65, 0, '1', '2017-12-12 12:13:25'),
(66, 0, '1', '2017-12-12 12:13:29'),
(67, 0, '1', '2017-12-12 12:13:30'),
(68, 0, '1', '2017-12-12 12:13:31'),
(69, 0, '1', '2017-12-12 12:13:33'),
(70, 0, '1', '2017-12-12 12:13:37'),
(71, 0, '1', '2017-12-12 12:13:40'),
(72, 0, '1', '2017-12-12 12:13:45'),
(73, 0, '1', '2017-12-12 12:13:45'),
(74, 0, '1', '2017-12-12 12:13:47'),
(75, 0, '1', '2017-12-12 12:13:48'),
(76, 0, '1', '2017-12-12 12:13:53'),
(77, 0, '1', '2017-12-12 12:13:55'),
(78, 0, '1', '2017-12-12 12:13:58'),
(79, 0, '1', '2017-12-12 12:14:00'),
(80, 0, '1', '2017-12-12 12:14:00'),
(81, 0, '1', '2017-12-12 12:14:03'),
(82, 0, '1', '2017-12-12 12:14:04'),
(83, 0, '1', '2017-12-12 12:14:08'),
(84, 0, '1', '2017-12-12 12:14:10'),
(85, 0, '1', '2017-12-12 12:14:13'),
(86, 0, '1', '2017-12-12 12:14:15'),
(87, 0, '1', '2017-12-12 12:14:17'),
(88, 0, '1', '2017-12-12 12:14:18'),
(89, 0, '1', '2017-12-12 12:14:20'),
(90, 0, '1', '2017-12-12 12:14:20'),
(91, 0, '1', '2017-12-12 12:14:23'),
(92, 0, '1', '2017-12-12 12:14:28'),
(93, 0, '1', '2017-12-12 12:14:28'),
(94, 0, '1', '2017-12-12 12:14:32'),
(95, 0, '1', '2017-12-12 12:14:36'),
(96, 0, '1', '2017-12-12 12:14:36'),
(97, 0, '1', '2017-12-12 12:14:36'),
(98, 0, '1', '2017-12-12 12:14:39'),
(99, 0, '1', '2017-12-12 12:14:47'),
(100, 0, '1', '2017-12-12 12:14:57'),
(101, 0, '1', '2017-12-12 12:15:00'),
(102, 0, '1', '2017-12-12 12:15:02'),
(103, 0, '1', '2017-12-12 12:15:02'),
(104, 0, '1', '2017-12-12 12:15:17'),
(105, 0, '1', '2017-12-12 12:15:18'),
(106, 0, '1', '2017-12-12 12:15:18'),
(107, 0, '1', '2017-12-12 12:15:18'),
(108, 0, '1', '2017-12-12 12:15:33'),
(109, 0, '1', '2017-12-12 12:15:33'),
(110, 0, '1', '2017-12-12 12:15:33'),
(111, 0, '1', '2017-12-12 12:15:48'),
(112, 0, '1', '2017-12-12 12:15:49'),
(113, 0, '1', '2017-12-12 12:15:50'),
(114, 0, '1', '2017-12-12 12:15:54'),
(115, 0, '1', '2017-12-12 12:15:54'),
(116, 0, '1', '2017-12-12 12:16:06'),
(117, 0, '1', '2017-12-12 12:16:10'),
(118, 0, '1', '2017-12-12 12:16:10'),
(119, 0, '1', '2017-12-12 12:16:10'),
(120, 0, '1', '2017-12-12 12:16:25'),
(121, 0, '1', '2017-12-12 12:16:25'),
(122, 0, '1', '2017-12-12 12:16:25'),
(123, 0, '1', '2017-12-12 12:16:41'),
(124, 0, '1', '2017-12-12 12:16:41'),
(125, 0, '1', '2017-12-12 12:16:41'),
(126, 0, '1', '2017-12-12 12:16:56'),
(127, 0, '1', '2017-12-12 12:16:56'),
(128, 0, '1', '2017-12-12 12:16:56'),
(129, 0, '1', '2017-12-12 12:17:11'),
(130, 0, '1', '2017-12-12 12:17:11'),
(131, 0, '1', '2017-12-12 12:17:11'),
(132, 0, '1', '2017-12-12 12:17:24'),
(133, 0, '1', '2017-12-12 12:18:11'),
(134, 0, '1', '2017-12-12 12:18:13'),
(135, 0, '1', '2017-12-12 12:18:28'),
(136, 0, '1', '2017-12-12 12:18:31'),
(137, 0, '1', '2017-12-12 12:18:31'),
(138, 0, '1', '2017-12-12 12:18:46'),
(139, 0, '1', '2017-12-12 12:18:46'),
(140, 0, '1', '2017-12-12 12:18:46'),
(141, 0, '1', '2017-12-12 12:19:02'),
(142, 0, '1', '2017-12-12 12:19:02'),
(143, 0, '1', '2017-12-12 12:19:02'),
(144, 0, '1', '2017-12-12 12:19:18'),
(145, 0, '1', '2017-12-12 12:19:18'),
(146, 0, '1', '2017-12-12 12:19:18'),
(147, 0, '1', '2017-12-12 12:19:33'),
(148, 0, '1', '2017-12-12 12:19:33'),
(149, 0, '1', '2017-12-12 12:19:33'),
(150, 0, '1', '2017-12-12 12:19:33'),
(151, 0, '1', '2017-12-12 12:19:48'),
(152, 0, '1', '2017-12-12 12:19:48'),
(153, 0, '1', '2017-12-12 12:19:48'),
(154, 0, '1', '2017-12-12 12:20:08'),
(155, 0, '1', '2017-12-12 12:20:08'),
(156, 0, '1', '2017-12-12 12:20:08'),
(157, 0, '1', '2017-12-12 12:20:23'),
(158, 0, '1', '2017-12-12 12:20:24'),
(159, 0, '1', '2017-12-12 12:20:24'),
(160, 0, '1', '2017-12-12 12:20:24'),
(161, 0, '1', '2017-12-12 12:20:33'),
(162, 0, '1', '2017-12-12 12:20:34'),
(163, 0, '1', '2017-12-12 12:20:34'),
(164, 0, '1', '2017-12-12 12:20:36'),
(165, 0, '1', '2017-12-12 12:20:39'),
(166, 0, '1', '2017-12-12 12:20:51'),
(167, 0, '1', '2017-12-12 12:20:54'),
(168, 0, '1', '2017-12-12 12:20:54'),
(169, 0, '1', '2017-12-12 12:20:54'),
(170, 0, '1', '2017-12-12 12:21:10'),
(171, 0, '1', '2017-12-12 12:21:10'),
(172, 0, '1', '2017-12-12 12:21:10'),
(173, 0, '1', '2017-12-12 12:21:25'),
(174, 0, '1', '2017-12-12 12:21:25'),
(175, 0, '1', '2017-12-12 12:21:25'),
(176, 0, '1', '2017-12-12 12:21:40'),
(177, 0, '1', '2017-12-12 12:21:40'),
(178, 0, '1', '2017-12-12 12:21:40'),
(179, 0, '1', '2017-12-12 12:21:56'),
(180, 0, '1', '2017-12-12 12:21:56'),
(181, 0, '1', '2017-12-12 12:21:56'),
(182, 0, '1', '2017-12-12 12:22:11'),
(183, 0, '1', '2017-12-12 12:22:11'),
(184, 0, '1', '2017-12-12 12:22:11'),
(185, 0, '1', '2017-12-12 12:22:16'),
(186, 0, '1', '2017-12-12 12:22:16'),
(187, 0, '1', '2017-12-12 12:22:17'),
(188, 0, '1', '2017-12-12 12:22:21'),
(189, 0, '1', '2017-12-12 12:22:22'),
(190, 0, '1', '2017-12-12 12:22:36'),
(191, 0, '1', '2017-12-12 12:22:37'),
(192, 0, '1', '2017-12-12 12:22:37'),
(193, 0, '1', '2017-12-12 12:22:37'),
(194, 0, '1', '2017-12-12 12:22:52'),
(195, 0, '1', '2017-12-12 12:22:52'),
(196, 0, '1', '2017-12-12 12:24:15'),
(197, 0, '1', '2017-12-12 12:24:16'),
(198, 0, '1', '2017-12-12 12:24:30'),
(199, 0, '1', '2017-12-12 12:24:31'),
(200, 0, '1', '2017-12-12 12:24:31'),
(201, 0, '1', '2017-12-12 12:24:46'),
(202, 0, '1', '2017-12-12 12:24:46'),
(203, 0, '1', '2017-12-12 12:24:46'),
(204, 0, '1', '2017-12-12 12:24:52'),
(205, 0, '1', '2017-12-12 12:25:01'),
(206, 0, '1', '2017-12-12 12:25:01'),
(207, 0, '1', '2017-12-12 12:25:01'),
(208, 0, '1', '2017-12-12 12:25:01'),
(209, 0, '1', '2017-12-12 12:25:16'),
(210, 0, '1', '2017-12-12 12:25:16'),
(211, 0, '1', '2017-12-12 12:25:32'),
(212, 0, '1', '2017-12-12 12:25:32'),
(213, 0, '1', '2017-12-12 12:25:47'),
(214, 0, '1', '2017-12-12 12:25:47'),
(215, 0, '1', '2017-12-12 12:26:02'),
(216, 0, '1', '2017-12-12 12:26:02'),
(217, 0, '1', '2017-12-12 12:26:17'),
(218, 0, '1', '2017-12-12 12:26:17'),
(219, 0, '1', '2017-12-12 12:26:32'),
(220, 0, '1', '2017-12-12 12:26:32'),
(221, 0, '1', '2017-12-12 12:26:33'),
(222, 0, '1', '2017-12-12 12:26:41'),
(223, 0, '1', '2017-12-12 12:26:48'),
(224, 0, '1', '2017-12-12 12:26:48'),
(225, 0, '1', '2017-12-12 12:27:03'),
(226, 0, '1', '2017-12-12 12:27:03'),
(227, 0, '1', '2017-12-12 12:27:10'),
(228, 0, '1', '2017-12-12 12:27:18'),
(229, 0, '1', '2017-12-12 12:27:19'),
(230, 0, '1', '2017-12-12 12:27:19'),
(231, 0, '1', '2017-12-12 12:27:34'),
(232, 0, '1', '2017-12-12 12:27:34'),
(233, 0, '1', '2017-12-12 12:27:43'),
(234, 0, '1', '2017-12-12 12:27:54'),
(235, 0, '1', '2017-12-12 12:27:56'),
(236, 0, '1', '2017-12-12 12:27:57'),
(237, 0, '1', '2017-12-12 12:27:59'),
(238, 0, '1', '2017-12-12 12:28:14'),
(239, 0, '1', '2017-12-12 12:28:14'),
(240, 0, '1', '2017-12-12 12:28:18'),
(241, 0, '1', '2017-12-12 12:28:18'),
(242, 0, '1', '2017-12-12 12:28:30'),
(243, 0, '1', '2017-12-12 12:28:30'),
(244, 0, '1', '2017-12-12 12:28:46'),
(245, 0, '1', '2017-12-12 12:28:46'),
(246, 0, '1', '2017-12-12 12:28:46'),
(247, 0, '1', '2017-12-12 12:29:01'),
(248, 0, '1', '2017-12-12 12:29:01'),
(249, 0, '1', '2017-12-12 12:29:17'),
(250, 0, '1', '2017-12-12 12:29:18'),
(251, 0, '1', '2017-12-12 12:29:33'),
(252, 0, '1', '2017-12-12 12:29:33'),
(253, 0, '1', '2017-12-12 12:29:48'),
(254, 0, '1', '2017-12-12 12:29:48'),
(255, 0, '1', '2017-12-12 12:29:48'),
(256, 0, '1', '2017-12-12 12:30:03'),
(257, 0, '1', '2017-12-12 12:30:03'),
(258, 0, '1', '2017-12-12 12:30:19'),
(259, 0, '1', '2017-12-12 12:30:19'),
(260, 0, '1', '2017-12-12 12:30:19'),
(261, 0, '1', '2017-12-12 12:30:20'),
(262, 0, '1', '2017-12-12 12:30:34'),
(263, 0, '1', '2017-12-12 12:30:34'),
(264, 0, '1', '2017-12-12 12:30:44'),
(265, 0, '1', '2017-12-12 12:30:46'),
(266, 0, '1', '2017-12-12 12:30:49'),
(267, 0, '1', '2017-12-12 12:30:49'),
(268, 0, '1', '2017-12-12 12:31:05'),
(269, 0, '1', '2017-12-12 12:31:05'),
(270, 0, '1', '2017-12-12 12:33:35'),
(271, 0, '1', '2017-12-12 12:33:50'),
(272, 0, '1', '2017-12-12 12:34:15'),
(273, 0, '1', '2017-12-12 12:36:06'),
(274, 0, '1', '2017-12-12 12:40:37'),
(275, 0, '1', '2017-12-12 12:40:39'),
(276, 0, '1', '2017-12-12 12:41:18'),
(277, 0, '1', '2017-12-12 12:45:22'),
(278, 0, '1', '2017-12-13 13:53:52'),
(279, 0, '1', '2017-12-13 13:57:57'),
(280, 0, '1', '2017-12-13 13:59:39'),
(281, 0, '1', '2017-12-13 14:05:05'),
(282, 0, '1', '2017-12-13 14:05:38'),
(283, 0, '1', '2017-12-13 14:07:55'),
(284, 0, '1', '2017-12-13 14:08:39'),
(285, 0, '1', '2017-12-13 14:08:54'),
(286, 0, '1', '2017-12-13 14:10:36'),
(287, 0, '1', '2017-12-13 14:10:44'),
(288, 0, '1', '2017-12-13 14:10:52'),
(289, 0, '1', '2017-12-13 14:11:03'),
(290, 0, '1', '2017-12-13 14:11:10'),
(291, 0, '1', '2017-12-13 14:11:20'),
(292, 0, '1', '2017-12-13 14:11:27'),
(293, 0, '1', '2017-12-13 14:11:38'),
(294, 0, '1', '2017-12-13 14:11:50'),
(295, 0, '1', '2017-12-13 14:11:58'),
(296, 0, '1', '2017-12-13 14:12:05'),
(297, 0, '1', '2017-12-13 14:12:16'),
(298, 0, '1', '2017-12-13 14:12:23'),
(299, 0, '1', '2017-12-13 14:12:42'),
(300, 0, '1', '2017-12-13 14:19:31'),
(301, 0, '1', '2017-12-13 14:21:26'),
(302, 0, '1', '2017-12-13 14:22:57'),
(303, 0, '1', '2017-12-13 14:26:31'),
(304, 0, '1', '2017-12-13 14:34:34'),
(305, 0, '1', '2017-12-13 14:58:59'),
(306, 0, '1', '2017-12-13 15:05:24'),
(307, 0, '1', '2017-12-13 15:13:10'),
(308, 0, '1', '2017-12-13 15:19:10'),
(309, 0, '1', '2017-12-13 15:20:20'),
(310, 0, '1', '2017-12-13 15:20:46'),
(311, 0, '1', '2017-12-13 15:21:00'),
(312, 0, '1', '2017-12-13 15:21:18'),
(313, 0, '1', '2017-12-13 15:21:49'),
(314, 0, '1', '2017-12-13 15:22:01'),
(315, 0, '1', '2017-12-13 15:22:27'),
(316, 0, '1', '2017-12-13 15:22:35'),
(317, 0, '1', '2017-12-13 15:28:44'),
(318, 0, '1', '2017-12-14 09:01:09'),
(319, 0, '1', '2017-12-14 09:37:16'),
(320, 0, '1', '2017-12-14 09:38:04'),
(321, 0, '1', '2017-12-14 09:38:11'),
(322, 0, '1', '2017-12-14 09:38:19'),
(323, 0, '1', '2017-12-14 09:44:16'),
(324, 0, '1', '2017-12-14 09:48:43'),
(325, 0, '3', '2017-12-14 09:50:52'),
(326, 0, '3', '2017-12-14 09:52:56'),
(327, 0, '3', '2017-12-14 09:56:03'),
(328, 0, '3', '2017-12-14 10:05:00'),
(329, 0, '3', '2017-12-14 10:07:17'),
(330, 0, '3', '2017-12-14 10:10:33'),
(331, 0, '3', '2017-12-14 10:12:50'),
(332, 0, '1', '2017-12-14 10:15:41'),
(333, 0, '3', '2017-12-14 10:15:42'),
(334, 0, '3', '2017-12-14 10:19:50'),
(335, 0, '3', '2017-12-14 10:22:43'),
(336, 0, '3', '2017-12-14 10:24:38'),
(337, 0, '3', '2017-12-14 10:26:57'),
(338, 0, '1', '2017-12-14 12:52:37'),
(339, 0, '4', '2017-12-14 12:57:35'),
(340, 0, '2', '2017-12-14 13:20:06'),
(341, 0, '2', '2017-12-14 13:23:00'),
(342, 0, '2', '2017-12-14 13:25:10'),
(343, 0, '2', '2017-12-14 13:26:15'),
(344, 0, '2', '2017-12-14 13:27:44'),
(345, 0, '2', '2017-12-14 13:45:19'),
(346, 0, '2', '2017-12-14 13:46:16'),
(347, 0, '2', '2017-12-14 13:47:43'),
(348, 0, '2', '2017-12-14 13:48:59'),
(349, 0, '4', '2017-12-14 13:50:52'),
(350, 0, '4', '2017-12-14 13:55:32'),
(351, 0, '2', '2017-12-14 13:57:58'),
(352, 0, '2', '2017-12-14 14:00:54'),
(353, 0, '2', '2017-12-14 14:02:24'),
(354, 0, '2', '2017-12-14 14:03:18'),
(355, 0, '2', '2017-12-14 14:04:06'),
(356, 0, '2', '2017-12-14 14:06:17'),
(357, 0, '4', '2017-12-14 14:07:22'),
(358, 0, '2', '2017-12-14 14:26:34'),
(359, 0, '2', '2017-12-14 14:38:00'),
(360, 0, '2', '2017-12-14 14:41:36'),
(361, 0, '1', '2017-12-27 13:33:57'),
(362, 0, '1', '2017-12-27 13:39:59'),
(363, 0, '1', '2017-12-27 13:42:57'),
(364, 0, '1', '2017-12-27 13:48:39'),
(365, 0, '4', '2018-01-02 10:49:33'),
(366, 0, '1', '2018-01-02 10:54:22'),
(367, 0, '1', '2018-01-02 10:58:45'),
(368, 0, '1', '2018-01-02 10:59:22'),
(369, 0, '2', '2018-01-02 11:01:10'),
(370, 0, '2', '2018-01-02 11:06:30'),
(371, 0, '2', '2018-01-02 11:09:12'),
(372, 0, '1', '2018-01-02 11:14:23'),
(373, 0, '1', '2018-01-02 11:16:11'),
(374, 0, '1', '2018-01-02 11:16:20'),
(375, 0, '1', '2018-01-02 11:16:23'),
(376, 0, '1', '2018-01-02 11:16:30'),
(377, 0, '1', '2018-01-02 11:16:33'),
(378, 0, '1', '2018-01-02 11:17:12'),
(379, 0, '1', '2018-01-02 11:18:46'),
(380, 0, '2', '2018-01-02 11:19:29'),
(381, 0, '2', '2018-01-02 11:20:50'),
(382, 0, '4', '2018-01-02 11:21:35'),
(383, 0, '2', '2018-01-03 11:58:38'),
(384, 0, '4', '2018-01-03 12:12:41'),
(385, 0, '4', '2018-01-03 12:16:49'),
(386, 0, '4', '2018-01-03 12:27:57'),
(387, 0, '1', '2018-01-03 12:30:46'),
(388, 0, '1', '2018-01-03 12:36:42'),
(389, 0, '4', '2018-01-03 12:39:23'),
(390, 0, '4', '2018-01-03 12:41:32'),
(391, 0, '4', '2018-01-03 12:43:57'),
(392, 0, '4', '2018-01-03 12:48:16'),
(393, 0, '4', '2018-01-03 12:52:22'),
(394, 0, '4', '2018-01-03 12:56:46'),
(395, 0, '4', '2018-01-03 12:58:59'),
(396, 0, '4', '2018-01-03 13:01:18'),
(397, 0, '4', '2018-01-03 13:03:51'),
(398, 0, '4', '2018-01-03 13:08:07'),
(399, 0, '4', '2018-01-03 13:17:10'),
(400, 0, '2', '2018-01-03 13:19:17'),
(401, 0, '3', '2018-01-03 18:09:33'),
(402, 0, '4', '2018-01-03 18:24:00'),
(403, 0, '4', '2018-01-03 18:28:45'),
(404, 0, '4', '2018-01-03 18:31:22'),
(405, 0, '2', '2018-01-03 18:38:41'),
(406, 0, '4', '2018-01-03 18:55:12'),
(407, 0, '4', '2018-01-03 18:59:45'),
(408, 0, '1', '2018-01-03 19:03:15'),
(409, 0, '1', '2018-01-03 19:03:17'),
(410, 0, '3', '2018-01-03 19:03:24'),
(411, 0, '1', '2018-01-03 19:03:33'),
(412, 0, '1', '2018-01-03 19:03:42'),
(413, 0, '1', '2018-01-03 19:03:51'),
(414, 0, '3', '2018-01-03 19:05:27'),
(415, 0, '4', '2018-01-04 01:01:29'),
(416, 0, '3', '2018-01-04 01:04:19'),
(417, 0, '1', '2018-01-04 01:06:24'),
(418, 0, '2', '2018-01-04 01:07:04'),
(419, 0, '4', '2018-01-04 01:12:23'),
(420, 0, '2', '2018-01-04 01:14:53'),
(421, 0, '2', '2018-01-04 01:16:52'),
(422, 0, '2', '2018-01-04 01:18:15'),
(423, 0, '4', '2018-01-04 01:19:37'),
(424, 0, '4', '2018-01-04 01:23:32'),
(425, 0, '4', '2018-01-04 01:27:34'),
(426, 0, '4', '2018-01-04 01:29:59'),
(427, 0, '4', '2018-01-04 01:33:24'),
(428, 0, '4', '2018-01-04 01:36:26'),
(429, 0, '3', '2018-01-04 01:38:41'),
(430, 0, '4', '2018-01-04 01:58:49'),
(431, 0, '3', '2018-01-04 02:01:09'),
(432, 3, '4', '2018-01-04 02:04:00'),
(433, 0, '3', '2018-01-04 02:06:36'),
(434, 3, '4', '2018-01-04 02:25:16'),
(435, 3, '4', '2018-01-04 02:28:16'),
(436, 4, '4', '2018-01-04 02:37:57'),
(437, 1, '2', '2018-01-04 02:48:57'),
(438, 3, '3', '2018-01-04 02:51:04'),
(439, 5, '4', '2018-01-04 03:17:35'),
(440, 4, '4', '2018-01-04 11:25:51'),
(441, 4, '4', '2018-01-04 11:30:18'),
(442, 3, '4', '2018-01-04 11:35:20'),
(443, 3, '4', '2018-01-04 11:37:29'),
(444, 5, '4', '2018-01-04 11:45:11'),
(445, 5, '1', '2018-01-04 11:54:52'),
(446, 3, '4', '2018-01-04 14:31:25'),
(447, 3, '3', '2018-01-04 14:33:38'),
(448, 3, '4', '2018-01-04 15:14:05'),
(449, 3, '3', '2018-01-04 15:17:08'),
(450, 4, '3', '2018-01-05 01:51:13'),
(451, 0, '1', '2018-01-05 01:57:23'),
(452, 3, '4', '2018-01-05 13:31:03'),
(453, 3, '4', '2018-01-05 13:34:12'),
(454, 3, '4', '2018-01-05 13:37:14'),
(455, 3, '4', '2018-01-05 13:40:58'),
(456, 3, '4', '2018-01-05 13:43:32'),
(457, 3, '4', '2018-01-05 13:45:37'),
(458, 3, '4', '2018-01-05 13:49:56'),
(459, 3, '4', '2018-01-05 13:55:36'),
(460, 3, '4', '2018-01-05 13:58:31'),
(461, 3, '4', '2018-01-05 14:02:16'),
(462, 3, '4\r\n', '2018-01-05 14:05:03'),
(463, 3, '4', '2018-01-05 14:11:50'),
(464, 3, '4', '2018-01-05 14:14:18'),
(465, 0, '1', '2018-01-05 14:19:55'),
(466, 3, '4', '2018-01-05 14:25:32'),
(467, 3, '2', '2018-01-05 14:37:34'),
(468, 0, '1', '2018-01-05 14:40:32'),
(469, 0, '1', '2018-01-05 14:43:52'),
(470, 3, '4', '2018-01-05 14:45:54'),
(471, 3, '4', '2018-01-05 14:47:50'),
(472, 3, '4', '2018-01-05 14:51:35'),
(473, 3, '4', '2018-01-05 14:54:30'),
(474, 3, '4', '2018-01-05 15:04:53'),
(475, 3, '4', '2018-01-05 15:23:48'),
(476, 3, '4', '2018-01-05 15:26:31'),
(477, 3, '4', '2018-01-05 15:30:17'),
(478, 3, '4', '2018-01-05 20:06:31'),
(479, 3, '4', '2018-01-05 20:10:39'),
(480, 3, '4', '2018-01-05 20:14:50'),
(481, 3, '4', '2018-01-05 20:18:30'),
(482, 3, '4', '2018-01-05 20:20:38'),
(483, 4, '4', '2018-01-05 20:22:54'),
(484, 4, '4', '2018-01-05 20:25:46'),
(485, 4, '4', '2018-01-05 20:30:59'),
(486, 3, '4', '2018-01-05 20:35:54'),
(487, 4, '4', '2018-01-05 20:38:15'),
(488, 3, '4', '2018-01-05 20:41:19'),
(489, 4, '4', '2018-01-05 20:46:16'),
(490, 4, '4', '2018-01-05 20:50:22'),
(491, 5, '4', '2018-01-05 20:53:16'),
(492, 3, '4', '2018-01-06 18:40:06'),
(493, 4, '4', '2018-01-06 19:51:15'),
(494, 4, '4', '2018-01-06 19:58:57'),
(495, 0, '1', '2018-01-06 20:02:09'),
(496, 1, '1', '2018-01-06 20:02:11'),
(497, 0, '1', '2018-01-06 20:02:19'),
(498, 0, '1', '2018-01-06 20:02:28'),
(499, 0, '1', '2018-01-06 20:02:37'),
(500, 0, '4', '2018-01-06 20:02:46'),
(501, 4, '4', '2018-01-06 20:03:52'),
(502, 3, '4', '2018-01-06 20:08:08'),
(503, 3, '4', '2018-01-06 21:17:04'),
(504, 3, '4', '2018-01-06 22:33:29'),
(505, 4, '4', '2018-01-06 22:37:42'),
(506, 7, '4', '2018-01-06 22:41:21'),
(507, 4, '4', '2018-01-06 22:46:33'),
(508, 5, '4', '2018-01-06 23:02:15'),
(509, 6, '2', '2018-01-06 23:06:04'),
(510, 0, '1', '2018-01-06 23:11:04'),
(511, 2, '3', '2018-01-06 23:12:22'),
(512, 7, '4', '2018-01-06 23:13:37'),
(513, 3, '4', '2018-01-06 23:18:30'),
(514, 3, '4', '2018-01-06 23:44:04'),
(515, 3, '4', '2018-01-06 23:46:29'),
(516, 4, '4', '2018-01-06 23:48:44'),
(517, 3, '4', '2018-01-07 00:04:54'),
(518, 5, '4', '2018-01-07 00:07:56'),
(519, 4, '4', '2018-01-07 00:22:46'),
(520, 3, '4', '2018-01-07 00:25:37'),
(521, 5, '4', '2018-01-07 00:27:49'),
(522, 7, '4', '2018-01-07 00:32:25'),
(523, 7, '4', '2018-01-07 00:47:58'),
(524, 7, '4', '2018-01-07 11:43:58'),
(525, 4, '4', '2018-01-07 11:49:33'),
(526, 5, '4', '2018-01-07 17:17:41'),
(527, 0, '1', '2018-01-08 11:34:06'),
(528, 4, '4', '2018-01-08 11:38:04'),
(529, 5, '4', '2018-01-08 11:40:54'),
(530, 0, '1', '2018-01-08 16:20:02'),
(531, 0, '1', '2018-01-08 16:24:36'),
(532, 0, '1', '2018-01-08 16:25:02'),
(533, 0, '1', '2018-01-08 16:29:36'),
(534, 0, '1', '2018-01-08 16:33:40'),
(535, 0, '1', '2018-01-08 16:34:32'),
(536, 0, '1', '2018-01-08 16:37:36'),
(537, 0, '1', '2018-01-08 16:38:40'),
(538, 0, '1', '2018-01-08 16:39:32'),
(539, 0, '1', '2018-01-08 16:42:36'),
(540, 4, '4', '2018-01-08 21:54:55'),
(541, 6, '2', '2018-01-08 21:58:51'),
(542, 4, '2', '2018-01-08 22:48:31'),
(543, 6, '4', '2018-01-08 22:53:53'),
(544, 7, '4', '2018-01-08 22:59:31'),
(545, 0, '1', '2018-01-09 12:03:34'),
(546, 0, '1', '2018-01-09 12:08:34'),
(547, 0, '1', '2018-01-09 12:08:40'),
(548, 0, '1', '2018-01-09 12:09:03'),
(549, 0, '1', '2018-01-09 12:13:40'),
(550, 0, '1', '2018-01-09 12:14:03'),
(551, 0, '1', '2018-01-09 18:55:11'),
(552, 0, '1', '2018-01-09 18:56:16'),
(553, 0, '1', '2018-01-09 18:56:32'),
(554, 0, '1', '2018-01-09 19:00:11'),
(555, 0, '1', '2018-01-09 19:01:16'),
(556, 0, '1', '2018-01-09 19:01:32'),
(557, 0, '1', '2018-01-09 19:40:22'),
(558, 0, '1', '2018-01-09 19:45:22'),
(559, 2, '3', '2018-01-10 11:15:56'),
(560, 5, '4', '2018-01-10 11:22:17'),
(561, 5, '4', '2018-01-10 11:28:29'),
(562, 6, '4', '2018-01-10 12:58:03'),
(563, 4, '4', '2018-01-10 13:02:21'),
(564, 5, '4', '2018-01-10 13:07:37'),
(565, 3, '4', '2018-01-10 13:11:53'),
(566, 4, '4', '2018-01-10 13:14:43'),
(567, 3, '4', '2018-01-10 13:18:04'),
(568, 3, '4', '2018-01-10 13:20:15'),
(569, 5, '4', '2018-01-10 13:22:31'),
(570, 6, '4', '2018-01-10 13:27:24'),
(571, 3, '4', '2018-01-10 13:37:02'),
(572, 4, '3', '2018-01-10 13:39:09'),
(573, 0, '4', '2018-01-10 13:44:09'),
(574, 3, '4', '2018-01-10 13:44:54'),
(575, 0, '1', '2018-01-10 13:47:35'),
(576, 3, '4', '2018-01-10 13:52:35'),
(577, 3, '4', '2018-01-10 14:05:04'),
(578, 4, '3', '2018-01-10 14:07:12'),
(579, 0, '1', '2018-01-10 14:07:12'),
(580, 0, '4', '2018-01-10 14:08:27'),
(581, 6, '4', '2018-01-10 14:09:49'),
(582, 3, '4', '2018-01-10 14:14:45'),
(583, 4, '4', '2018-01-10 14:17:21'),
(584, 0, '1', '2018-01-10 14:22:31'),
(585, 3, '4', '2018-01-10 14:27:31'),
(586, 0, '1', '2018-01-10 15:25:15'),
(587, 0, '1', '2018-01-10 15:30:16'),
(588, 0, '1', '2018-01-10 16:29:16'),
(589, 0, '1', '2018-01-10 16:34:16'),
(590, 0, '1', '2018-01-10 17:29:32'),
(591, 0, '1', '2018-01-10 17:34:32'),
(592, 0, '1', '2018-01-10 19:25:22'),
(593, 0, '1', '2018-01-10 19:30:21'),
(594, 0, '1', '2018-01-10 20:37:43'),
(595, 0, '1', '2018-01-10 20:42:43'),
(596, 0, '1', '2018-01-10 21:48:22'),
(597, 0, '1', '2018-01-10 21:53:22');

-- --------------------------------------------------------

--
-- Table structure for table `VP_PartieEtat`
--

CREATE TABLE `VP_PartieEtat` (
  `idEtat` int(11) NOT NULL,
  `nom` varchar(128) NOT NULL,
  `temps` int(11) NOT NULL
) ENGINE=InnoDB DEFAULT CHARSET=latin1;

--
-- Dumping data for table `VP_PartieEtat`
--

INSERT INTO `VP_PartieEtat` (`idEtat`, `nom`, `temps`) VALUES
(1, 'Join Game', 15),
(2, 'Questions', 20),
(3, 'Answers', 15),
(4, 'Ended', 0);

-- --------------------------------------------------------

--
-- Table structure for table `VP_Question`
--

CREATE TABLE `VP_Question` (
  `idQuestion` int(11) NOT NULL,
  `intitule` varchar(256) NOT NULL
) ENGINE=InnoDB DEFAULT CHARSET=latin1;

--
-- Dumping data for table `VP_Question`
--

INSERT INTO `VP_Question` (`idQuestion`, `intitule`) VALUES
(1, '1Ceci est une question test'),
(2, '2Ceci est une AUTRE question test');

-- --------------------------------------------------------

--
-- Table structure for table `VP_QuestionPartie`
--

CREATE TABLE `VP_QuestionPartie` (
  `idPartie` int(11) NOT NULL,
  `tour` int(11) NOT NULL,
  `idQuestion` int(11) NOT NULL,
  `idReponse_1` int(11) NOT NULL,
  `idReponse_2` int(11) NOT NULL,
  `idReponse_3` int(11) NOT NULL,
  `date` timestamp NOT NULL DEFAULT CURRENT_TIMESTAMP
) ENGINE=InnoDB DEFAULT CHARSET=latin1;

--
-- Dumping data for table `VP_QuestionPartie`
--

INSERT INTO `VP_QuestionPartie` (`idPartie`, `tour`, `idQuestion`, `idReponse_1`, `idReponse_2`, `idReponse_3`, `date`) VALUES
(12, 0, 2, 5, 5, 2, '2017-12-01 22:45:39'),
(12, 0, 2, 2, 6, 6, '2017-12-01 22:46:09'),
(12, 0, 2, 2, 6, 5, '2017-12-01 22:46:39'),
(12, 0, 2, 3, 2, 1, '2017-12-01 22:47:09'),
(13, 0, 1, 6, 2, 4, '2017-12-01 22:48:33'),
(13, 0, 2, 6, 4, 3, '2017-12-01 22:49:03'),
(13, 0, 2, 5, 4, 1, '2017-12-01 22:49:33'),
(13, 0, 2, 5, 5, 5, '2017-12-01 22:50:03'),
(13, 0, 2, 4, 1, 6, '2017-12-01 22:50:33'),
(15, 0, 1, 4, 3, 1, '2017-12-01 22:56:39'),
(15, 0, 1, 2, 2, 1, '2017-12-01 22:57:09'),
(15, 0, 1, 5, 5, 6, '2017-12-01 22:57:39'),
(17, 0, 1, 3, 3, 1, '2017-12-01 23:00:08'),
(18, 0, 2, 5, 2, 5, '2017-12-01 23:01:36'),
(21, 0, 2, 4, 5, 6, '2017-12-01 23:03:00'),
(22, 0, 2, 4, 5, 4, '2017-12-01 23:08:57'),
(24, 0, 1, 5, 5, 3, '2017-12-01 23:13:33'),
(27, 0, 2, 2, 2, 2, '2017-12-01 23:17:20'),
(27, 0, 2, 4, 2, 1, '2017-12-01 23:17:50'),
(27, 0, 1, 1, 1, 4, '2017-12-01 23:18:20'),
(318, 0, 1, 4, 5, 2, '2017-12-14 08:03:25'),
(318, 0, 1, 1, 2, 6, '2017-12-14 08:03:55'),
(318, 0, 2, 5, 4, 4, '2017-12-14 08:04:25'),
(323, 0, 1, 3, 1, 6, '2017-12-14 08:45:17'),
(323, 0, 2, 1, 5, 4, '2017-12-14 08:45:47'),
(323, 0, 1, 6, 1, 4, '2017-12-14 08:46:17'),
(324, 0, 1, 1, 4, 5, '2017-12-14 08:49:13'),
(324, 0, 1, 6, 1, 3, '2017-12-14 08:49:43'),
(324, 0, 2, 1, 1, 2, '2017-12-14 08:50:14'),
(325, 0, 1, 1, 1, 2, '2017-12-14 08:51:07'),
(325, 0, 2, 3, 5, 5, '2017-12-14 08:51:37'),
(325, 0, 2, 4, 3, 5, '2017-12-14 08:52:07'),
(326, 0, 2, 6, 3, 1, '2017-12-14 08:53:11'),
(326, 0, 1, 4, 6, 6, '2017-12-14 08:53:41'),
(326, 0, 2, 1, 4, 1, '2017-12-14 08:54:11'),
(327, 0, 2, 3, 2, 3, '2017-12-14 08:56:19'),
(327, 0, 2, 2, 3, 4, '2017-12-14 08:56:49'),
(327, 0, 1, 6, 5, 6, '2017-12-14 08:57:19'),
(328, 0, 1, 2, 4, 4, '2017-12-14 09:05:45'),
(328, 0, 1, 5, 3, 1, '2017-12-14 09:06:15'),
(328, 0, 1, 3, 1, 6, '2017-12-14 09:06:47'),
(329, 0, 1, 3, 3, 1, '2017-12-14 09:09:03'),
(329, 0, 1, 1, 3, 6, '2017-12-14 09:09:33'),
(329, 0, 1, 2, 4, 6, '2017-12-14 09:10:03'),
(330, 0, 2, 4, 1, 3, '2017-12-14 09:11:18'),
(330, 0, 2, 1, 6, 3, '2017-12-14 09:11:48'),
(330, 0, 2, 2, 3, 5, '2017-12-14 09:12:18'),
(331, 0, 2, 5, 3, 2, '2017-12-14 09:14:35'),
(331, 0, 1, 4, 3, 3, '2017-12-14 09:15:06'),
(331, 0, 2, 4, 2, 3, '2017-12-14 09:15:36'),
(333, 0, 2, 6, 5, 4, '2017-12-14 09:17:12'),
(333, 0, 2, 3, 2, 2, '2017-12-14 09:17:27'),
(333, 0, 1, 2, 3, 2, '2017-12-14 09:17:42'),
(334, 0, 2, 4, 1, 3, '2017-12-14 09:20:05'),
(334, 0, 1, 4, 4, 2, '2017-12-14 09:20:35'),
(334, 0, 1, 4, 1, 4, '2017-12-14 09:21:05'),
(335, 0, 1, 5, 2, 5, '2017-12-14 09:22:58'),
(335, 0, 2, 4, 2, 6, '2017-12-14 09:23:28'),
(335, 0, 2, 1, 1, 1, '2017-12-14 09:23:59'),
(336, 0, 2, 6, 2, 4, '2017-12-14 09:25:08'),
(336, 0, 2, 4, 4, 5, '2017-12-14 09:25:40'),
(336, 0, 1, 4, 3, 1, '2017-12-14 09:26:11'),
(337, 0, 1, 3, 1, 3, '2017-12-14 09:27:12'),
(337, 0, 2, 6, 5, 3, '2017-12-14 09:27:42'),
(337, 0, 2, 6, 5, 1, '2017-12-14 09:28:12'),
(339, 0, 1, 4, 4, 4, '2017-12-14 11:57:50'),
(339, 0, 1, 1, 6, 1, '2017-12-14 11:58:27'),
(339, 0, 2, 2, 2, 4, '2017-12-14 11:59:02'),
(340, 0, 2, 5, 4, 5, '2017-12-14 12:20:51'),
(341, 0, 1, 5, 2, 1, '2017-12-14 12:23:31'),
(342, 0, 1, 1, 6, 2, '2017-12-14 12:25:25'),
(343, 0, 1, 5, 3, 5, '2017-12-14 12:26:30'),
(344, 0, 2, 1, 2, 4, '2017-12-14 12:27:59'),
(345, 0, 1, 4, 4, 4, '2017-12-14 12:45:34'),
(346, 0, 2, 1, 6, 3, '2017-12-14 12:46:31'),
(347, 0, 2, 3, 1, 4, '2017-12-14 12:47:58'),
(348, 0, 2, 2, 6, 4, '2017-12-14 12:49:14'),
(349, 0, 2, 4, 5, 4, '2017-12-14 12:51:22'),
(349, 0, 2, 4, 1, 5, '2017-12-14 12:51:57'),
(349, 0, 1, 2, 2, 1, '2017-12-14 12:52:32'),
(350, 0, 2, 4, 2, 5, '2017-12-14 12:55:47'),
(350, 0, 2, 4, 5, 6, '2017-12-14 12:56:22'),
(350, 0, 1, 5, 5, 6, '2017-12-14 12:56:57'),
(351, 0, 2, 3, 5, 3, '2017-12-14 12:58:28'),
(352, 0, 1, 2, 1, 1, '2017-12-14 13:01:09'),
(353, 0, 1, 5, 5, 6, '2017-12-14 13:02:39'),
(354, 0, 1, 1, 4, 1, '2017-12-14 13:03:34'),
(355, 0, 2, 2, 3, 6, '2017-12-14 13:04:21'),
(356, 0, 2, 3, 5, 3, '2017-12-14 13:06:47'),
(357, 0, 1, 6, 6, 5, '2017-12-14 13:07:37'),
(357, 0, 2, 5, 4, 5, '2017-12-14 13:08:12'),
(357, 0, 1, 5, 6, 3, '2017-12-14 13:08:48'),
(357, 0, 2, 5, 5, 3, '2017-12-14 13:09:24'),
(357, 0, 2, 5, 4, 5, '2017-12-14 13:09:59'),
(358, 0, 2, 4, 1, 2, '2017-12-14 13:28:04'),
(358, 0, 1, 4, 2, 4, '2017-12-14 13:28:40'),
(358, 0, 2, 2, 1, 6, '2017-12-14 13:29:15'),
(359, 0, 1, 1, 3, 6, '2017-12-14 13:39:15'),
(359, 0, 1, 1, 6, 3, '2017-12-14 13:39:51'),
(360, 0, 2, 1, 6, 1, '2017-12-14 13:42:36'),
(360, 0, 1, 3, 3, 6, '2017-12-14 13:43:12'),
(360, 0, 1, 5, 6, 5, '2017-12-14 13:43:48'),
(360, 0, 2, 2, 2, 1, '2017-12-14 13:44:23'),
(360, 0, 2, 6, 5, 4, '2017-12-14 13:44:59'),
(365, 0, 2, 1, 3, 3, '2018-01-02 09:50:18'),
(365, 0, 1, 1, 6, 3, '2018-01-02 09:50:53'),
(365, 0, 2, 1, 6, 5, '2018-01-02 09:51:28'),
(369, 0, 1, 2, 6, 4, '2018-01-02 10:01:25'),
(369, 0, 1, 1, 4, 6, '2018-01-02 10:02:00'),
(369, 0, 1, 3, 6, 2, '2018-01-02 10:02:35'),
(370, 0, 1, 6, 3, 5, '2018-01-02 10:07:00'),
(371, 0, 2, 4, 1, 3, '2018-01-02 10:10:57'),
(371, 0, 2, 5, 1, 4, '2018-01-02 10:11:32'),
(378, 0, 1, 2, 4, 1, '2018-01-02 10:17:57'),
(379, 0, 1, 5, 4, 1, '2018-01-02 10:19:01'),
(380, 0, 1, 4, 2, 6, '2018-01-02 10:19:44'),
(381, 0, 2, 3, 4, 5, '2018-01-02 10:21:05'),
(382, 0, 2, 4, 1, 5, '2018-01-02 10:21:50'),
(382, 0, 1, 3, 6, 2, '2018-01-02 10:22:26'),
(382, 0, 1, 2, 5, 3, '2018-01-02 10:23:01'),
(383, 0, 1, 6, 1, 4, '2018-01-03 10:59:38'),
(383, 0, 1, 3, 5, 4, '2018-01-03 11:00:14'),
(384, 0, 2, 5, 6, 3, '2018-01-03 11:12:56'),
(384, 0, 1, 1, 3, 5, '2018-01-03 11:13:32'),
(384, 0, 1, 3, 4, 6, '2018-01-03 11:14:07'),
(384, 0, 1, 6, 2, 5, '2018-01-03 11:14:42'),
(384, 0, 2, 1, 2, 5, '2018-01-03 11:15:18'),
(384, 0, 2, 6, 2, 4, '2018-01-03 11:15:53'),
(385, 0, 1, 6, 2, 3, '2018-01-03 11:17:19'),
(385, 0, 1, 6, 1, 2, '2018-01-03 11:17:55'),
(385, 0, 1, 2, 4, 1, '2018-01-03 11:18:30'),
(385, 0, 2, 6, 4, 2, '2018-01-03 11:19:05'),
(385, 0, 2, 5, 6, 2, '2018-01-03 11:19:40'),
(386, 0, 2, 6, 2, 3, '2018-01-03 11:28:12'),
(386, 0, 2, 1, 2, 3, '2018-01-03 11:28:48'),
(386, 0, 1, 4, 2, 6, '2018-01-03 11:29:23'),
(388, 0, 2, 3, 1, 6, '2018-01-03 11:38:12'),
(389, 0, 1, 1, 4, 5, '2018-01-03 11:39:38'),
(389, 0, 1, 5, 6, 3, '2018-01-03 11:40:14'),
(389, 0, 1, 5, 3, 4, '2018-01-03 11:40:49'),
(390, 0, 1, 2, 5, 3, '2018-01-03 11:41:47'),
(390, 0, 2, 4, 1, 6, '2018-01-03 11:42:23'),
(390, 0, 1, 4, 1, 6, '2018-01-03 11:42:58'),
(391, 0, 1, 1, 2, 4, '2018-01-03 11:44:12'),
(391, 0, 2, 2, 3, 1, '2018-01-03 11:44:47'),
(391, 0, 2, 1, 2, 6, '2018-01-03 11:45:23'),
(392, 0, 1, 4, 3, 1, '2018-01-03 11:48:32'),
(392, 0, 2, 5, 1, 6, '2018-01-03 11:49:07'),
(392, 0, 2, 3, 4, 1, '2018-01-03 11:49:44'),
(393, 0, 2, 1, 5, 2, '2018-01-03 11:52:37'),
(393, 0, 1, 4, 1, 2, '2018-01-03 11:53:12'),
(393, 0, 2, 2, 1, 4, '2018-01-03 11:53:47'),
(394, 0, 2, 2, 4, 3, '2018-01-03 11:57:01'),
(394, 0, 2, 5, 6, 2, '2018-01-03 11:57:36'),
(394, 0, 1, 1, 3, 4, '2018-01-03 11:58:11'),
(395, 0, 1, 6, 3, 5, '2018-01-03 11:59:14'),
(395, 0, 2, 4, 6, 2, '2018-01-03 11:59:49'),
(395, 0, 1, 1, 3, 2, '2018-01-03 12:00:24'),
(396, 0, 1, 4, 5, 1, '2018-01-03 12:01:33'),
(396, 0, 1, 5, 4, 6, '2018-01-03 12:02:09'),
(396, 0, 2, 5, 1, 6, '2018-01-03 12:02:44'),
(397, 0, 1, 2, 3, 1, '2018-01-03 12:04:21'),
(397, 0, 1, 5, 1, 3, '2018-01-03 12:04:56'),
(397, 0, 2, 2, 5, 4, '2018-01-03 12:05:31'),
(398, 0, 2, 2, 6, 1, '2018-01-03 12:08:37'),
(398, 0, 2, 1, 4, 5, '2018-01-03 12:09:12'),
(398, 0, 1, 5, 2, 6, '2018-01-03 12:09:47'),
(399, 0, 2, 1, 4, 5, '2018-01-03 12:17:25'),
(399, 0, 1, 4, 2, 6, '2018-01-03 12:18:00'),
(399, 0, 1, 2, 3, 6, '2018-01-03 12:18:36'),
(400, 0, 1, 3, 6, 1, '2018-01-03 12:19:32'),
(400, 0, 1, 2, 3, 1, '2018-01-03 12:20:07'),
(400, 0, 1, 3, 5, 1, '2018-01-03 12:20:42'),
(401, 0, 2, 1, 3, 5, '2018-01-03 17:11:34'),
(401, 0, 2, 6, 4, 3, '2018-01-03 17:12:09'),
(401, 0, 1, 6, 2, 1, '2018-01-03 17:12:44'),
(402, 0, 2, 6, 3, 2, '2018-01-03 17:24:15'),
(402, 0, 2, 1, 2, 6, '2018-01-03 17:24:50'),
(402, 0, 2, 6, 5, 4, '2018-01-03 17:25:25'),
(403, 0, 2, 4, 2, 1, '2018-01-03 17:29:00'),
(403, 0, 1, 1, 3, 2, '2018-01-03 17:29:35'),
(403, 0, 2, 1, 6, 4, '2018-01-03 17:30:11'),
(404, 0, 1, 3, 6, 1, '2018-01-03 17:31:52'),
(404, 0, 1, 2, 6, 4, '2018-01-03 17:32:27'),
(404, 0, 1, 4, 6, 2, '2018-01-03 17:33:02'),
(405, 0, 1, 1, 5, 4, '2018-01-03 17:41:26'),
(405, 0, 2, 5, 3, 4, '2018-01-03 17:42:01'),
(405, 0, 1, 1, 5, 6, '2018-01-03 17:42:36'),
(406, 0, 1, 3, 5, 1, '2018-01-03 17:56:57'),
(406, 0, 2, 2, 5, 6, '2018-01-03 17:57:32'),
(406, 0, 1, 1, 2, 5, '2018-01-03 17:58:07'),
(407, 0, 2, 6, 5, 3, '2018-01-03 18:00:00'),
(407, 0, 2, 4, 2, 6, '2018-01-03 18:00:35'),
(407, 0, 1, 4, 2, 3, '2018-01-03 18:01:10'),
(410, 0, 2, 1, 3, 5, '2018-01-03 18:03:58'),
(410, 0, 1, 3, 4, 6, '2018-01-03 18:04:28'),
(414, 0, 1, 3, 4, 2, '2018-01-03 18:05:57'),
(414, 0, 1, 5, 2, 4, '2018-01-03 18:06:32'),
(414, 0, 2, 5, 2, 3, '2018-01-03 18:07:07'),
(415, 0, 1, 5, 3, 6, '2018-01-04 00:01:44'),
(415, 0, 2, 2, 4, 6, '2018-01-04 00:02:19'),
(415, 0, 1, 3, 1, 6, '2018-01-04 00:02:54'),
(416, 0, 1, 3, 2, 1, '2018-01-04 00:04:49'),
(416, 0, 2, 3, 1, 2, '2018-01-04 00:05:24'),
(418, 0, 2, 6, 2, 4, '2018-01-04 00:07:20'),
(418, 0, 2, 2, 4, 3, '2018-01-04 00:07:55'),
(419, 0, 1, 3, 5, 1, '2018-01-04 00:12:38'),
(419, 0, 2, 2, 1, 4, '2018-01-04 00:13:13'),
(419, 0, 1, 5, 4, 3, '2018-01-04 00:13:48'),
(420, 0, 1, 1, 3, 4, '2018-01-04 00:15:08'),
(421, 0, 1, 3, 6, 2, '2018-01-04 00:17:22'),
(422, 0, 1, 5, 3, 4, '2018-01-04 00:18:45'),
(423, 0, 1, 5, 6, 2, '2018-01-04 00:19:53'),
(423, 0, 1, 4, 2, 5, '2018-01-04 00:20:28'),
(423, 0, 1, 2, 4, 6, '2018-01-04 00:21:03'),
(423, 0, 1, 6, 5, 4, '2018-01-04 00:21:39'),
(423, 0, 2, 3, 4, 2, '2018-01-04 00:22:14'),
(423, 0, 2, 5, 1, 6, '2018-01-04 00:22:49'),
(424, 0, 2, 4, 1, 5, '2018-01-04 00:23:47'),
(424, 0, 2, 3, 1, 6, '2018-01-04 00:24:22'),
(424, 0, 1, 2, 5, 3, '2018-01-04 00:24:57'),
(424, 0, 2, 3, 2, 5, '2018-01-04 00:25:32'),
(424, 0, 1, 1, 3, 5, '2018-01-04 00:26:07'),
(425, 0, 1, 3, 5, 2, '2018-01-04 00:27:49'),
(425, 0, 2, 3, 5, 4, '2018-01-04 00:28:24'),
(425, 0, 2, 3, 6, 2, '2018-01-04 00:28:59'),
(426, 0, 1, 3, 4, 2, '2018-01-04 00:30:14'),
(426, 0, 1, 2, 4, 5, '2018-01-04 00:30:49'),
(426, 0, 2, 2, 6, 4, '2018-01-04 00:31:24'),
(426, 0, 1, 4, 6, 2, '2018-01-04 00:32:00'),
(427, 0, 2, 5, 3, 2, '2018-01-04 00:33:39'),
(427, 0, 1, 2, 4, 1, '2018-01-04 00:34:14'),
(427, 0, 2, 5, 2, 4, '2018-01-04 00:34:49'),
(428, 0, 1, 4, 5, 3, '2018-01-04 00:36:41'),
(428, 0, 2, 2, 1, 5, '2018-01-04 00:37:16'),
(428, 0, 2, 4, 5, 1, '2018-01-04 00:37:51'),
(429, 0, 2, 3, 2, 6, '2018-01-04 00:38:56'),
(429, 0, 2, 3, 1, 6, '2018-01-04 00:39:31'),
(429, 0, 2, 1, 3, 4, '2018-01-04 00:40:06'),
(430, 0, 1, 2, 1, 4, '2018-01-04 00:59:19'),
(430, 0, 1, 5, 3, 1, '2018-01-04 00:59:54'),
(430, 0, 2, 1, 6, 3, '2018-01-04 01:00:29'),
(431, 0, 2, 1, 6, 3, '2018-01-04 01:01:25'),
(431, 0, 1, 5, 4, 1, '2018-01-04 01:02:00'),
(431, 0, 1, 2, 1, 4, '2018-01-04 01:02:35'),
(431, 0, 2, 3, 5, 4, '2018-01-04 01:03:11'),
(432, 0, 1, 6, 1, 5, '2018-01-04 01:04:15'),
(432, 0, 1, 2, 5, 6, '2018-01-04 01:04:50'),
(432, 0, 1, 1, 2, 6, '2018-01-04 01:05:26'),
(433, 0, 1, 4, 3, 6, '2018-01-04 01:06:52'),
(433, 0, 1, 3, 5, 6, '2018-01-04 01:07:27'),
(433, 0, 2, 6, 1, 2, '2018-01-04 01:08:03'),
(434, 0, 0, 1, 3, 6, '2018-01-04 01:25:31'),
(434, 0, 0, 1, 5, 6, '2018-01-04 01:26:07'),
(434, 0, 0, 2, 1, 6, '2018-01-04 01:26:42'),
(435, 0, 2, 6, 3, 4, '2018-01-04 01:28:31'),
(435, 1, 1, 4, 1, 6, '2018-01-04 01:29:06'),
(435, 2, 2, 3, 4, 6, '2018-01-04 01:29:41'),
(436, 1, 2, 6, 5, 4, '2018-01-04 01:38:12'),
(436, 2, 2, 6, 3, 1, '2018-01-04 01:38:47'),
(436, 3, 1, 6, 5, 2, '2018-01-04 01:39:22'),
(436, 4, 2, 3, 5, 1, '2018-01-04 01:39:57'),
(437, 1, 1, 4, 6, 2, '2018-01-04 01:49:12'),
(438, 1, 2, 5, 3, 6, '2018-01-04 01:51:19'),
(438, 2, 2, 2, 5, 6, '2018-01-04 01:51:54'),
(438, 3, 1, 4, 3, 2, '2018-01-04 01:52:29'),
(439, 1, 1, 1, 6, 3, '2018-01-04 02:17:50'),
(439, 2, 2, 3, 4, 2, '2018-01-04 02:18:26'),
(439, 3, 1, 5, 6, 3, '2018-01-04 02:19:01'),
(439, 4, 2, 2, 3, 4, '2018-01-04 02:19:37'),
(439, 5, 1, 1, 2, 6, '2018-01-04 02:20:13'),
(440, 1, 1, 4, 2, 6, '2018-01-04 10:26:07'),
(440, 2, 2, 5, 4, 6, '2018-01-04 10:26:43'),
(440, 3, 2, 5, 3, 2, '2018-01-04 10:27:18'),
(440, 4, 2, 3, 5, 6, '2018-01-04 10:27:54'),
(441, 1, 1, 1, 5, 3, '2018-01-04 10:30:33'),
(441, 2, 1, 2, 6, 1, '2018-01-04 10:31:08'),
(441, 3, 1, 4, 3, 2, '2018-01-04 10:31:44'),
(441, 4, 2, 2, 1, 4, '2018-01-04 10:32:19'),
(442, 1, 1, 5, 1, 4, '2018-01-04 10:35:35'),
(442, 2, 2, 6, 2, 4, '2018-01-04 10:36:11'),
(442, 3, 2, 2, 4, 5, '2018-01-04 10:36:46'),
(443, 1, 2, 6, 2, 5, '2018-01-04 10:37:44'),
(443, 2, 2, 5, 3, 4, '2018-01-04 10:38:20'),
(443, 3, 1, 6, 5, 3, '2018-01-04 10:38:56'),
(444, 1, 2, 5, 2, 3, '2018-01-04 10:45:27'),
(444, 2, 1, 5, 1, 6, '2018-01-04 10:46:03'),
(444, 3, 1, 2, 5, 6, '2018-01-04 10:46:38'),
(444, 4, 2, 5, 6, 4, '2018-01-04 10:47:13'),
(444, 5, 2, 1, 4, 6, '2018-01-04 10:47:48'),
(445, 1, 1, 6, 2, 4, '2018-01-04 10:55:08'),
(445, 2, 1, 3, 2, 4, '2018-01-04 10:55:43'),
(445, 3, 2, 3, 1, 2, '2018-01-04 10:56:19'),
(445, 4, 1, 1, 2, 5, '2018-01-04 10:56:54'),
(445, 5, 2, 3, 4, 5, '2018-01-04 10:57:29'),
(446, 1, 2, 1, 3, 2, '2018-01-04 13:31:40'),
(446, 2, 1, 4, 5, 2, '2018-01-04 13:32:15'),
(446, 3, 1, 5, 6, 3, '2018-01-04 13:32:50'),
(447, 1, 1, 6, 5, 4, '2018-01-04 13:33:53'),
(447, 2, 2, 1, 5, 3, '2018-01-04 13:34:28'),
(447, 3, 2, 3, 4, 6, '2018-01-04 13:35:04'),
(448, 1, 2, 4, 2, 1, '2018-01-04 14:14:35'),
(448, 2, 2, 5, 6, 3, '2018-01-04 14:15:11'),
(448, 3, 2, 2, 4, 1, '2018-01-04 14:15:46'),
(449, 1, 2, 6, 4, 1, '2018-01-04 14:17:54'),
(449, 2, 2, 6, 3, 5, '2018-01-04 14:18:29'),
(449, 3, 2, 4, 1, 6, '2018-01-04 14:19:04'),
(450, 1, 1, 1, 3, 5, '2018-01-05 00:55:14'),
(450, 2, 2, 6, 5, 4, '2018-01-05 00:55:49'),
(450, 3, 2, 1, 6, 4, '2018-01-05 00:56:24'),
(450, 4, 2, 1, 5, 2, '2018-01-05 00:56:59'),
(452, 1, 2, 4, 5, 2, '2018-01-05 12:31:33'),
(452, 2, 1, 3, 2, 5, '2018-01-05 12:32:08'),
(452, 3, 2, 5, 1, 2, '2018-01-05 12:32:43'),
(453, 1, 2, 6, 4, 1, '2018-01-05 12:34:27'),
(453, 2, 1, 6, 1, 2, '2018-01-05 12:35:03'),
(453, 3, 1, 4, 2, 5, '2018-01-05 12:35:38'),
(454, 1, 1, 6, 1, 2, '2018-01-05 12:37:44'),
(454, 2, 1, 1, 4, 3, '2018-01-05 12:38:19'),
(454, 3, 1, 2, 4, 3, '2018-01-05 12:38:54'),
(455, 1, 2, 4, 1, 3, '2018-01-05 12:41:14'),
(455, 2, 1, 6, 4, 5, '2018-01-05 12:41:49'),
(455, 3, 2, 2, 1, 3, '2018-01-05 12:42:24'),
(456, 1, 2, 3, 6, 2, '2018-01-05 12:43:47'),
(456, 2, 2, 3, 4, 2, '2018-01-05 12:44:23'),
(456, 3, 1, 4, 3, 5, '2018-01-05 12:44:58'),
(457, 1, 1, 4, 1, 2, '2018-01-05 12:45:52'),
(457, 2, 2, 1, 6, 2, '2018-01-05 12:46:28'),
(457, 3, 1, 1, 2, 5, '2018-01-05 12:47:03'),
(458, 1, 2, 4, 6, 2, '2018-01-05 12:50:11'),
(458, 2, 1, 5, 1, 2, '2018-01-05 12:50:46'),
(458, 3, 1, 4, 2, 1, '2018-01-05 12:51:22'),
(459, 1, 2, 3, 2, 6, '2018-01-05 12:55:51'),
(459, 2, 1, 2, 4, 3, '2018-01-05 12:56:26'),
(459, 3, 2, 4, 3, 2, '2018-01-05 12:57:01'),
(460, 1, 1, 3, 2, 4, '2018-01-05 12:58:46'),
(460, 2, 1, 3, 5, 1, '2018-01-05 12:59:22'),
(460, 3, 1, 4, 1, 5, '2018-01-05 12:59:57'),
(461, 1, 2, 2, 3, 5, '2018-01-05 13:02:31'),
(461, 2, 1, 5, 4, 2, '2018-01-05 13:03:06'),
(461, 3, 1, 2, 1, 5, '2018-01-05 13:03:42'),
(462, 1, 2, 2, 5, 4, '2018-01-05 13:05:18'),
(462, 2, 2, 3, 4, 1, '2018-01-05 13:05:54'),
(462, 3, 2, 5, 4, 6, '2018-01-05 13:06:29'),
(463, 1, 2, 5, 2, 1, '2018-01-05 13:12:05'),
(463, 2, 2, 6, 4, 2, '2018-01-05 13:12:40'),
(463, 3, 2, 1, 6, 4, '2018-01-05 13:13:16'),
(464, 1, 1, 2, 1, 4, '2018-01-05 13:15:04'),
(464, 2, 2, 1, 2, 6, '2018-01-05 13:15:39'),
(464, 3, 2, 6, 2, 1, '2018-01-05 13:16:14'),
(466, 1, 1, 6, 5, 1, '2018-01-05 13:35:48'),
(466, 2, 2, 5, 3, 4, '2018-01-05 13:36:24'),
(466, 3, 2, 2, 5, 4, '2018-01-05 13:36:59'),
(467, 1, 1, 4, 5, 2, '2018-01-05 13:39:05'),
(467, 2, 1, 2, 5, 6, '2018-01-05 13:39:40'),
(467, 3, 1, 5, 3, 2, '2018-01-05 13:40:15'),
(470, 1, 1, 5, 4, 3, '2018-01-05 13:46:09'),
(470, 2, 1, 5, 4, 6, '2018-01-05 13:46:34'),
(470, 3, 2, 5, 3, 1, '2018-01-05 13:46:59'),
(471, 1, 2, 3, 1, 6, '2018-01-05 13:48:06'),
(471, 2, 2, 2, 4, 1, '2018-01-05 13:48:31'),
(471, 3, 2, 6, 3, 5, '2018-01-05 13:48:56'),
(472, 1, 1, 1, 2, 3, '2018-01-05 13:51:50'),
(472, 2, 2, 5, 2, 3, '2018-01-05 13:52:15'),
(472, 3, 2, 6, 2, 3, '2018-01-05 13:52:41'),
(473, 1, 1, 5, 3, 6, '2018-01-05 13:54:45'),
(473, 2, 1, 4, 3, 5, '2018-01-05 13:55:10'),
(473, 3, 1, 1, 3, 4, '2018-01-05 13:55:35'),
(474, 1, 2, 5, 1, 3, '2018-01-05 14:05:08'),
(474, 2, 1, 1, 4, 6, '2018-01-05 14:05:44'),
(474, 3, 1, 5, 1, 6, '2018-01-05 14:06:19'),
(475, 1, 2, 5, 6, 2, '2018-01-05 14:24:03'),
(475, 2, 2, 1, 5, 2, '2018-01-05 14:24:38'),
(475, 3, 1, 4, 2, 5, '2018-01-05 14:25:13'),
(476, 1, 2, 6, 1, 3, '2018-01-05 14:26:47'),
(476, 2, 2, 6, 4, 5, '2018-01-05 14:27:22'),
(476, 3, 2, 1, 6, 4, '2018-01-05 14:27:57'),
(477, 1, 1, 3, 2, 5, '2018-01-05 14:30:32'),
(477, 2, 2, 1, 3, 5, '2018-01-05 14:31:07'),
(477, 3, 1, 3, 2, 1, '2018-01-05 14:31:43'),
(478, 1, 2, 3, 4, 5, '2018-01-05 19:06:46'),
(478, 2, 2, 6, 3, 4, '2018-01-05 19:07:21'),
(478, 3, 1, 1, 5, 6, '2018-01-05 19:07:56'),
(479, 1, 1, 6, 4, 2, '2018-01-05 19:11:09'),
(479, 2, 1, 1, 4, 2, '2018-01-05 19:11:44'),
(479, 3, 2, 5, 1, 3, '2018-01-05 19:12:19'),
(480, 1, 2, 1, 4, 3, '2018-01-05 19:15:05'),
(480, 2, 2, 6, 2, 1, '2018-01-05 19:15:40'),
(480, 3, 2, 2, 6, 1, '2018-01-05 19:16:16'),
(481, 1, 1, 2, 5, 6, '2018-01-05 19:18:45'),
(481, 2, 2, 2, 1, 4, '2018-01-05 19:19:21'),
(481, 3, 1, 3, 4, 6, '2018-01-05 19:19:56'),
(482, 1, 1, 5, 2, 3, '2018-01-05 19:20:53'),
(482, 2, 2, 4, 6, 5, '2018-01-05 19:21:29'),
(482, 3, 2, 6, 3, 2, '2018-01-05 19:22:04'),
(483, 1, 1, 3, 5, 4, '2018-01-05 19:23:09'),
(483, 2, 1, 1, 5, 6, '2018-01-05 19:23:44'),
(483, 3, 2, 4, 1, 6, '2018-01-05 19:24:19'),
(483, 4, 1, 3, 2, 6, '2018-01-05 19:24:54'),
(484, 1, 1, 3, 6, 5, '2018-01-05 19:26:01'),
(484, 2, 2, 1, 4, 5, '2018-01-05 19:26:36'),
(484, 3, 1, 5, 1, 4, '2018-01-05 19:27:11'),
(484, 4, 1, 4, 6, 5, '2018-01-05 19:27:46'),
(485, 1, 2, 1, 5, 2, '2018-01-05 19:31:14'),
(485, 2, 2, 1, 3, 6, '2018-01-05 19:31:49'),
(485, 3, 2, 5, 2, 1, '2018-01-05 19:32:24'),
(485, 4, 2, 5, 1, 6, '2018-01-05 19:32:59'),
(486, 1, 1, 4, 2, 1, '2018-01-05 19:36:10'),
(486, 2, 2, 4, 5, 6, '2018-01-05 19:36:45'),
(486, 3, 1, 3, 2, 5, '2018-01-05 19:37:20'),
(487, 1, 2, 1, 6, 2, '2018-01-05 19:38:30'),
(487, 2, 2, 4, 6, 3, '2018-01-05 19:39:05'),
(487, 3, 1, 2, 1, 3, '2018-01-05 19:39:40'),
(487, 4, 2, 2, 1, 3, '2018-01-05 19:40:16'),
(488, 1, 2, 4, 1, 6, '2018-01-05 19:41:34'),
(488, 2, 2, 3, 4, 2, '2018-01-05 19:42:09'),
(488, 3, 2, 1, 6, 4, '2018-01-05 19:42:44'),
(489, 1, 2, 2, 1, 5, '2018-01-05 19:46:31'),
(489, 2, 1, 2, 5, 4, '2018-01-05 19:47:06'),
(489, 3, 2, 6, 5, 1, '2018-01-05 19:47:41'),
(489, 4, 2, 5, 2, 6, '2018-01-05 19:48:16'),
(490, 1, 1, 1, 5, 3, '2018-01-05 19:50:37'),
(490, 2, 2, 4, 1, 5, '2018-01-05 19:51:12'),
(490, 3, 2, 5, 1, 4, '2018-01-05 19:51:47'),
(490, 4, 2, 3, 2, 1, '2018-01-05 19:52:22'),
(491, 1, 2, 4, 5, 3, '2018-01-05 19:53:31'),
(491, 2, 2, 5, 3, 6, '2018-01-05 19:54:06'),
(491, 3, 2, 2, 4, 5, '2018-01-05 19:54:41'),
(491, 4, 1, 6, 5, 2, '2018-01-05 19:55:17'),
(491, 5, 1, 3, 2, 1, '2018-01-05 19:55:52'),
(492, 1, 1, 1, 3, 4, '2018-01-06 17:40:22'),
(492, 2, 2, 1, 2, 3, '2018-01-06 17:40:57'),
(492, 3, 2, 5, 4, 1, '2018-01-06 17:41:32'),
(493, 1, 2, 2, 6, 4, '2018-01-06 18:51:30'),
(493, 2, 2, 2, 3, 5, '2018-01-06 18:52:05'),
(493, 3, 2, 5, 2, 1, '2018-01-06 18:52:41'),
(493, 4, 1, 3, 1, 5, '2018-01-06 18:53:16'),
(494, 1, 1, 2, 3, 1, '2018-01-06 18:59:12'),
(494, 2, 1, 2, 3, 5, '2018-01-06 18:59:47'),
(494, 3, 2, 3, 2, 4, '2018-01-06 19:00:23'),
(494, 4, 1, 1, 2, 4, '2018-01-06 19:00:58'),
(500, 0, 1, 4, 2, 1, '2018-01-06 19:02:57'),
(501, 1, 2, 4, 2, 1, '2018-01-06 19:04:07'),
(501, 2, 2, 6, 2, 3, '2018-01-06 19:04:42'),
(501, 3, 2, 5, 4, 3, '2018-01-06 19:05:17'),
(501, 4, 2, 5, 1, 6, '2018-01-06 19:05:53'),
(502, 1, 2, 4, 2, 1, '2018-01-06 19:08:23'),
(502, 2, 2, 4, 1, 6, '2018-01-06 19:08:58'),
(502, 3, 2, 3, 6, 5, '2018-01-06 19:09:33'),
(503, 1, 1, 3, 1, 5, '2018-01-06 20:17:19'),
(503, 2, 1, 5, 4, 2, '2018-01-06 20:17:54'),
(503, 3, 2, 1, 2, 3, '2018-01-06 20:18:29'),
(504, 1, 1, 1, 3, 4, '2018-01-06 21:33:59'),
(504, 2, 1, 3, 4, 5, '2018-01-06 21:34:34'),
(504, 3, 2, 3, 2, 1, '2018-01-06 21:35:09'),
(505, 1, 1, 1, 3, 5, '2018-01-06 21:37:57'),
(505, 2, 2, 4, 3, 5, '2018-01-06 21:38:32'),
(505, 3, 2, 6, 4, 1, '2018-01-06 21:39:07'),
(505, 4, 2, 5, 4, 2, '2018-01-06 21:39:42'),
(506, 1, 2, 5, 3, 2, '2018-01-06 21:41:36'),
(506, 2, 1, 5, 1, 3, '2018-01-06 21:42:11'),
(506, 3, 1, 4, 5, 1, '2018-01-06 21:42:46'),
(506, 4, 2, 6, 5, 3, '2018-01-06 21:43:21'),
(506, 5, 1, 6, 2, 3, '2018-01-06 21:43:56'),
(506, 6, 2, 6, 2, 4, '2018-01-06 21:44:31'),
(506, 7, 1, 3, 1, 5, '2018-01-06 21:45:07'),
(507, 1, 1, 3, 4, 6, '2018-01-06 21:46:48'),
(507, 2, 1, 6, 4, 3, '2018-01-06 21:47:23'),
(507, 3, 1, 5, 6, 4, '2018-01-06 21:47:58'),
(507, 4, 2, 6, 5, 4, '2018-01-06 21:48:33'),
(508, 1, 2, 4, 5, 6, '2018-01-06 22:02:30'),
(508, 2, 1, 3, 5, 6, '2018-01-06 22:03:05'),
(508, 3, 2, 1, 3, 5, '2018-01-06 22:03:40'),
(508, 4, 1, 4, 3, 6, '2018-01-06 22:04:15'),
(508, 5, 1, 4, 5, 2, '2018-01-06 22:04:50'),
(509, 1, 1, 1, 5, 4, '2018-01-06 22:07:49'),
(509, 2, 2, 1, 2, 3, '2018-01-06 22:08:24'),
(509, 3, 2, 5, 1, 6, '2018-01-06 22:08:59'),
(509, 4, 1, 1, 4, 2, '2018-01-06 22:09:34'),
(509, 5, 2, 5, 2, 1, '2018-01-06 22:10:09'),
(509, 6, 1, 5, 6, 3, '2018-01-06 22:10:44'),
(511, 1, 1, 5, 3, 2, '2018-01-06 22:12:37'),
(512, 1, 1, 3, 4, 5, '2018-01-06 22:14:07'),
(512, 2, 2, 6, 1, 5, '2018-01-06 22:14:42'),
(512, 3, 2, 3, 2, 4, '2018-01-06 22:15:17'),
(512, 4, 1, 6, 3, 1, '2018-01-06 22:15:52'),
(512, 5, 2, 1, 2, 5, '2018-01-06 22:16:27'),
(512, 6, 1, 6, 2, 5, '2018-01-06 22:17:02'),
(512, 7, 2, 4, 3, 2, '2018-01-06 22:17:37'),
(513, 1, 2, 1, 2, 3, '2018-01-06 22:18:45'),
(513, 2, 2, 4, 3, 2, '2018-01-06 22:19:20'),
(513, 3, 1, 4, 6, 3, '2018-01-06 22:19:55'),
(513, 4, 1, 4, 2, 1, '2018-01-06 22:20:30'),
(513, 5, 2, 1, 5, 4, '2018-01-06 22:21:06'),
(513, 6, 1, 2, 4, 5, '2018-01-06 22:21:41'),
(513, 7, 2, 2, 1, 5, '2018-01-06 22:22:16'),
(513, 8, 2, 4, 3, 6, '2018-01-06 22:22:51'),
(514, 1, 1, 4, 6, 2, '2018-01-06 22:44:20'),
(514, 2, 1, 6, 5, 2, '2018-01-06 22:44:55'),
(514, 3, 1, 6, 4, 3, '2018-01-06 22:45:30'),
(515, 1, 2, 4, 5, 6, '2018-01-06 22:46:44'),
(515, 2, 1, 3, 2, 6, '2018-01-06 22:47:19'),
(515, 3, 1, 1, 4, 5, '2018-01-06 22:47:54'),
(516, 1, 2, 1, 3, 4, '2018-01-06 22:48:59'),
(516, 2, 2, 3, 4, 6, '2018-01-06 22:49:34'),
(516, 3, 1, 1, 2, 5, '2018-01-06 22:50:10'),
(516, 4, 1, 2, 6, 4, '2018-01-06 22:50:45'),
(517, 1, 1, 2, 3, 5, '2018-01-06 23:05:09'),
(517, 2, 1, 3, 4, 2, '2018-01-06 23:05:44'),
(517, 3, 1, 4, 6, 3, '2018-01-06 23:06:20'),
(518, 1, 1, 4, 3, 1, '2018-01-06 23:08:11'),
(518, 2, 1, 1, 2, 5, '2018-01-06 23:08:47'),
(518, 3, 2, 6, 1, 3, '2018-01-06 23:09:22'),
(518, 4, 1, 5, 1, 4, '2018-01-06 23:09:57'),
(518, 5, 2, 3, 1, 5, '2018-01-06 23:10:32'),
(519, 1, 1, 4, 2, 3, '2018-01-06 23:23:01'),
(519, 2, 1, 4, 2, 5, '2018-01-06 23:23:36'),
(519, 3, 2, 1, 4, 3, '2018-01-06 23:24:11'),
(519, 4, 2, 4, 6, 2, '2018-01-06 23:24:47'),
(520, 1, 1, 6, 1, 3, '2018-01-06 23:25:52'),
(520, 2, 1, 1, 2, 6, '2018-01-06 23:26:27'),
(520, 3, 2, 5, 3, 2, '2018-01-06 23:27:02'),
(521, 1, 2, 2, 1, 6, '2018-01-06 23:28:04'),
(521, 2, 1, 1, 5, 3, '2018-01-06 23:28:39'),
(521, 3, 2, 2, 5, 6, '2018-01-06 23:29:14'),
(521, 4, 2, 2, 5, 6, '2018-01-06 23:29:49'),
(521, 5, 2, 3, 5, 1, '2018-01-06 23:30:24'),
(522, 1, 1, 1, 3, 2, '2018-01-06 23:32:40'),
(522, 2, 1, 4, 5, 1, '2018-01-06 23:33:15'),
(522, 3, 1, 5, 6, 3, '2018-01-06 23:33:50'),
(522, 4, 2, 3, 6, 2, '2018-01-06 23:34:25'),
(522, 5, 2, 1, 3, 4, '2018-01-06 23:35:01'),
(522, 6, 1, 6, 2, 1, '2018-01-06 23:35:36'),
(522, 7, 2, 5, 3, 1, '2018-01-06 23:36:11'),
(523, 1, 1, 3, 5, 4, '2018-01-06 23:48:13'),
(523, 2, 2, 2, 5, 6, '2018-01-06 23:48:48'),
(523, 3, 1, 3, 4, 6, '2018-01-06 23:49:23'),
(523, 4, 2, 5, 2, 1, '2018-01-06 23:49:58'),
(523, 5, 1, 4, 1, 2, '2018-01-06 23:50:33'),
(523, 6, 1, 4, 3, 6, '2018-01-06 23:51:08'),
(523, 7, 2, 5, 4, 6, '2018-01-06 23:51:43'),
(524, 1, 1, 5, 1, 6, '2018-01-07 10:44:13'),
(524, 2, 2, 2, 4, 6, '2018-01-07 10:44:49'),
(524, 3, 1, 2, 6, 3, '2018-01-07 10:45:24'),
(524, 4, 1, 5, 6, 1, '2018-01-07 10:45:59'),
(524, 5, 2, 6, 1, 3, '2018-01-07 10:46:34'),
(524, 6, 2, 2, 1, 6, '2018-01-07 10:47:09'),
(524, 7, 2, 3, 1, 5, '2018-01-07 10:47:44'),
(525, 1, 1, 6, 1, 3, '2018-01-07 10:49:48'),
(525, 2, 1, 2, 3, 4, '2018-01-07 10:50:23'),
(525, 3, 1, 6, 1, 3, '2018-01-07 10:50:58'),
(525, 4, 2, 1, 3, 2, '2018-01-07 10:51:33'),
(526, 1, 2, 2, 1, 4, '2018-01-07 16:18:11'),
(526, 2, 1, 4, 3, 2, '2018-01-07 16:18:46'),
(526, 3, 1, 4, 5, 2, '2018-01-07 16:19:22'),
(526, 4, 1, 4, 1, 3, '2018-01-07 16:19:57'),
(526, 5, 2, 1, 6, 4, '2018-01-07 16:20:33'),
(528, 1, 1, 5, 6, 1, '2018-01-08 10:38:19'),
(528, 2, 1, 4, 1, 5, '2018-01-08 10:38:55'),
(528, 3, 2, 5, 1, 4, '2018-01-08 10:39:31'),
(528, 4, 2, 6, 5, 2, '2018-01-08 10:40:06'),
(529, 1, 2, 3, 2, 5, '2018-01-08 10:41:09'),
(529, 2, 2, 5, 6, 1, '2018-01-08 10:41:45'),
(529, 3, 2, 3, 5, 1, '2018-01-08 10:42:20'),
(529, 4, 2, 6, 5, 3, '2018-01-08 10:42:55'),
(529, 5, 1, 3, 5, 6, '2018-01-08 10:43:30'),
(540, 1, 2, 1, 2, 3, '2018-01-08 20:55:25'),
(540, 2, 1, 2, 3, 6, '2018-01-08 20:56:00'),
(540, 3, 1, 6, 3, 4, '2018-01-08 20:56:35'),
(540, 4, 1, 2, 5, 4, '2018-01-08 20:57:10'),
(541, 1, 2, 4, 1, 3, '2018-01-08 20:59:06'),
(541, 2, 1, 4, 5, 6, '2018-01-08 20:59:42'),
(541, 3, 1, 2, 3, 4, '2018-01-08 21:00:17'),
(541, 4, 2, 1, 3, 6, '2018-01-08 21:00:52'),
(541, 5, 1, 2, 1, 3, '2018-01-08 21:01:27'),
(541, 6, 1, 4, 3, 2, '2018-01-08 21:02:02'),
(542, 1, 2, 2, 4, 1, '2018-01-08 21:52:01'),
(542, 2, 1, 6, 4, 1, '2018-01-08 21:52:36'),
(542, 3, 2, 3, 1, 5, '2018-01-08 21:53:12'),
(542, 4, 1, 3, 4, 2, '2018-01-08 21:53:47'),
(543, 1, 1, 2, 4, 1, '2018-01-08 21:54:53'),
(543, 2, 1, 6, 1, 4, '2018-01-08 21:55:28'),
(543, 3, 1, 3, 4, 6, '2018-01-08 21:56:03'),
(543, 4, 1, 1, 3, 2, '2018-01-08 21:56:38'),
(543, 5, 2, 1, 3, 5, '2018-01-08 21:57:14'),
(543, 6, 1, 6, 2, 5, '2018-01-08 21:57:49'),
(544, 1, 1, 5, 4, 2, '2018-01-08 21:59:46'),
(544, 2, 1, 6, 5, 3, '2018-01-08 22:00:21'),
(544, 3, 2, 1, 4, 5, '2018-01-08 22:00:56'),
(544, 4, 1, 2, 4, 1, '2018-01-08 22:01:31'),
(544, 5, 1, 4, 5, 2, '2018-01-08 22:02:06'),
(544, 6, 2, 3, 6, 1, '2018-01-08 22:02:41'),
(544, 7, 1, 1, 4, 2, '2018-01-08 22:03:16'),
(559, 1, 2, 2, 4, 5, '2018-01-10 10:21:12'),
(559, 2, 2, 3, 5, 1, '2018-01-10 10:21:48'),
(560, 1, 1, 5, 4, 2, '2018-01-10 10:23:17'),
(560, 2, 2, 1, 4, 6, '2018-01-10 10:23:53'),
(560, 3, 2, 3, 2, 6, '2018-01-10 10:24:28'),
(560, 4, 2, 5, 2, 4, '2018-01-10 10:25:03'),
(560, 5, 2, 3, 4, 6, '2018-01-10 10:25:38'),
(561, 1, 2, 6, 2, 4, '2018-01-10 10:28:45'),
(561, 2, 2, 4, 2, 3, '2018-01-10 10:29:20'),
(561, 3, 1, 2, 4, 1, '2018-01-10 10:29:55'),
(561, 4, 1, 6, 4, 5, '2018-01-10 10:30:31'),
(561, 5, 1, 1, 3, 6, '2018-01-10 10:31:06'),
(562, 1, 2, 2, 6, 5, '2018-01-10 11:58:18'),
(562, 2, 1, 2, 3, 4, '2018-01-10 11:58:53'),
(562, 3, 2, 1, 2, 4, '2018-01-10 11:59:28'),
(562, 4, 2, 1, 2, 6, '2018-01-10 12:00:04'),
(562, 5, 1, 3, 1, 5, '2018-01-10 12:00:39'),
(562, 6, 2, 5, 2, 3, '2018-01-10 12:01:14'),
(563, 1, 1, 2, 5, 1, '2018-01-10 12:02:37'),
(563, 2, 2, 6, 4, 2, '2018-01-10 12:03:12'),
(563, 3, 2, 2, 5, 3, '2018-01-10 12:03:49'),
(563, 4, 2, 3, 4, 5, '2018-01-10 12:04:24'),
(564, 1, 2, 3, 5, 6, '2018-01-10 12:07:52'),
(564, 2, 2, 4, 2, 6, '2018-01-10 12:08:28'),
(564, 3, 1, 5, 4, 1, '2018-01-10 12:09:04'),
(564, 4, 2, 6, 3, 4, '2018-01-10 12:09:39'),
(564, 5, 2, 3, 6, 4, '2018-01-10 12:10:15'),
(565, 1, 2, 3, 5, 6, '2018-01-10 12:12:08'),
(565, 2, 1, 2, 5, 6, '2018-01-10 12:12:43'),
(565, 3, 1, 4, 2, 5, '2018-01-10 12:13:18'),
(566, 1, 2, 4, 1, 6, '2018-01-10 12:14:59'),
(566, 2, 1, 1, 3, 6, '2018-01-10 12:15:34'),
(566, 3, 1, 4, 1, 6, '2018-01-10 12:16:09'),
(566, 4, 2, 6, 4, 2, '2018-01-10 12:16:44'),
(567, 1, 1, 6, 3, 2, '2018-01-10 12:18:19'),
(567, 2, 2, 4, 3, 2, '2018-01-10 12:18:54'),
(567, 3, 2, 3, 4, 1, '2018-01-10 12:19:29'),
(568, 1, 2, 3, 4, 1, '2018-01-10 12:20:30'),
(568, 2, 1, 4, 3, 5, '2018-01-10 12:21:05'),
(568, 3, 1, 1, 4, 5, '2018-01-10 12:21:40'),
(569, 1, 1, 2, 4, 6, '2018-01-10 12:23:46'),
(569, 2, 2, 2, 4, 5, '2018-01-10 12:24:22'),
(569, 3, 2, 3, 2, 5, '2018-01-10 12:24:57'),
(569, 4, 1, 5, 4, 6, '2018-01-10 12:25:32'),
(569, 5, 2, 5, 4, 2, '2018-01-10 12:26:07'),
(570, 1, 2, 2, 5, 6, '2018-01-10 12:27:39'),
(570, 2, 2, 6, 2, 4, '2018-01-10 12:28:14'),
(570, 3, 1, 2, 4, 1, '2018-01-10 12:28:49'),
(570, 4, 1, 3, 6, 1, '2018-01-10 12:29:24'),
(570, 5, 1, 1, 6, 4, '2018-01-10 12:29:59'),
(570, 6, 1, 5, 2, 3, '2018-01-10 12:30:35'),
(571, 1, 2, 1, 6, 3, '2018-01-10 12:37:17'),
(571, 2, 2, 1, 2, 5, '2018-01-10 12:37:52'),
(571, 3, 1, 5, 3, 6, '2018-01-10 12:38:27'),
(572, 1, 2, 3, 2, 6, '2018-01-10 12:42:24'),
(572, 2, 2, 6, 1, 3, '2018-01-10 12:42:59'),
(572, 3, 1, 2, 6, 1, '2018-01-10 12:43:35'),
(573, 0, 1, 6, 1, 3, '2018-01-10 12:44:17'),
(574, 1, 2, 3, 6, 5, '2018-01-10 12:45:54'),
(574, 2, 1, 6, 3, 5, '2018-01-10 12:46:20'),
(574, 3, 1, 5, 3, 1, '2018-01-10 12:46:46'),
(576, 1, 1, 1, 4, 6, '2018-01-10 13:00:29'),
(576, 2, 1, 4, 3, 6, '2018-01-10 13:00:56'),
(576, 3, 2, 6, 2, 1, '2018-01-10 13:01:24'),
(577, 1, 2, 5, 1, 3, '2018-01-10 13:05:20'),
(577, 2, 1, 4, 1, 5, '2018-01-10 13:05:46'),
(577, 3, 2, 1, 3, 6, '2018-01-10 13:06:12'),
(578, 1, 1, 2, 1, 3, '2018-01-10 13:07:47'),
(578, 2, 1, 3, 2, 6, '2018-01-10 13:07:54'),
(580, 0, 2, 3, 4, 2, '2018-01-10 13:08:49'),
(580, 0, 2, 4, 6, 2, '2018-01-10 13:09:06'),
(581, 1, 2, 2, 1, 6, '2018-01-10 13:10:50'),
(581, 2, 2, 2, 5, 3, '2018-01-10 13:11:26'),
(581, 3, 1, 4, 5, 1, '2018-01-10 13:12:01'),
(581, 4, 1, 3, 1, 5, '2018-01-10 13:12:38'),
(581, 5, 1, 2, 6, 4, '2018-01-10 13:13:13'),
(581, 6, 2, 6, 4, 5, '2018-01-10 13:13:48'),
(582, 1, 1, 6, 5, 1, '2018-01-10 13:15:01'),
(582, 2, 1, 6, 2, 4, '2018-01-10 13:15:36'),
(582, 3, 2, 3, 2, 5, '2018-01-10 13:16:12'),
(583, 1, 2, 3, 4, 5, '2018-01-10 13:17:36'),
(583, 2, 1, 4, 1, 2, '2018-01-10 13:18:11'),
(583, 3, 2, 1, 2, 3, '2018-01-10 13:18:47'),
(583, 4, 2, 4, 1, 6, '2018-01-10 13:19:22'),
(585, 1, 2, 1, 5, 3, '2018-01-10 13:31:18'),
(585, 2, 2, 3, 4, 1, '2018-01-10 13:31:53'),
(585, 3, 2, 3, 5, 6, '2018-01-10 13:32:29');

-- --------------------------------------------------------

--
-- Table structure for table `VP_Reponse`
--

CREATE TABLE `VP_Reponse` (
  `idReponse` int(11) NOT NULL,
  `intitule` varchar(256) NOT NULL
) ENGINE=InnoDB DEFAULT CHARSET=latin1;

--
-- Dumping data for table `VP_Reponse`
--

INSERT INTO `VP_Reponse` (`idReponse`, `intitule`) VALUES
(1, 'REP_test_1'),
(2, 'REP_test_2'),
(3, 'REP_test_3'),
(4, 'REP_test_4'),
(5, 'REP_test_5'),
(6, 'REP_test_6');

-- --------------------------------------------------------

--
-- Table structure for table `VP_token`
--

CREATE TABLE `VP_token` (
  `token` varchar(256) NOT NULL,
  `nom` varchar(256) NOT NULL
) ENGINE=InnoDB DEFAULT CHARSET=latin1;

--
-- Dumping data for table `VP_token`
--

INSERT INTO `VP_token` (`token`, `nom`) VALUES
('redtcfygvhbinokjhbiugvycf', 'admin'),
('ozqidjodqjdqs', 'player');

-- --------------------------------------------------------

--
-- Table structure for table `VP_Vies`
--

CREATE TABLE `VP_Vies` (
  `idPartie` int(11) NOT NULL,
  `idJoueur` int(11) NOT NULL,
  `Vie` int(11) NOT NULL
) ENGINE=InnoDB DEFAULT CHARSET=latin1;

--
-- Dumping data for table `VP_Vies`
--

INSERT INTO `VP_Vies` (`idPartie`, `idJoueur`, `Vie`) VALUES
(3, 2, 3),
(9, 1, 3),
(11, 1, 3),
(11, 2, 3),
(12, 1, 3),
(12, 2, 3),
(13, 1, 3),
(13, 2, 3),
(15, 1, 3),
(15, 2, 3),
(17, 1, 3),
(17, 2, 3),
(18, 1, 3),
(18, 2, 3),
(19, 1, 3),
(21, 1, 3),
(21, 2, 3),
(22, 1, 3),
(22, 2, 3),
(24, 1, 2),
(24, 2, 3),
(25, 1, 3),
(26, 2, 3),
(27, 1, 0),
(27, 2, 0),
(27, 3, 3),
(317, 1, 3),
(317, 18, 3),
(317, 25, 3),
(317, 26, 3),
(318, 1, 0),
(318, 18, 0),
(322, 18, 3),
(323, 2, 0),
(323, 18, 0),
(324, 2, 0),
(324, 18, 0),
(325, 1, 0),
(325, 18, 0),
(326, 1, 0),
(326, 18, 0),
(327, 1, 0),
(327, 18, 0),
(328, 1, 0),
(328, 18, 0),
(329, 1, 0),
(329, 18, 0),
(330, 1, 0),
(330, 18, 0),
(331, 1, 0),
(331, 18, 0),
(333, 1, 0),
(333, 18, 0),
(334, 1, 0),
(334, 18, 0),
(335, 1, 0),
(335, 18, 0),
(336, 1, 0),
(336, 18, 0),
(337, 1, 0),
(337, 18, 0),
(339, 1, 0),
(339, 18, 0),
(340, 1, 3),
(340, 18, 3),
(341, 1, 3),
(341, 18, 3),
(342, 1, 3),
(342, 18, 3),
(343, 1, 3),
(343, 18, 3),
(344, 1, 3),
(344, 18, 3),
(345, 1, 3),
(345, 18, 3),
(346, 1, 3),
(346, 18, 3),
(347, 1, 3),
(347, 18, 3),
(348, 1, 3),
(348, 18, 3),
(349, 1, 0),
(349, 18, 0),
(350, 1, 0),
(350, 18, 0),
(351, 1, 3),
(351, 18, 3),
(352, 1, 3),
(352, 18, 3),
(353, 1, 3),
(353, 18, 3),
(354, 1, 3),
(354, 18, 3),
(355, 1, 3),
(355, 18, 3),
(356, 1, 3),
(356, 18, 3),
(357, 1, 1),
(357, 18, 0),
(358, 1, 2),
(358, 18, 0),
(359, 18, 3),
(359, 28, 2),
(360, 18, 0),
(360, 28, 1),
(365, 18, 0),
(365, 35, 2),
(369, 18, 1),
(369, 35, 3),
(370, 18, 3),
(370, 35, 3),
(371, 18, 3),
(371, 35, 2),
(378, 0, 3),
(378, 18, 3),
(378, 35, 3),
(379, 18, 3),
(379, 35, 3),
(380, 18, 2),
(380, 35, 3),
(381, 18, 3),
(381, 35, 3),
(382, 18, 3),
(382, 35, 0),
(383, 1, 3),
(383, 18, 2),
(384, 1, 1),
(384, 18, 0),
(385, 1, 0),
(385, 18, 1),
(386, 1, 2),
(386, 18, 0),
(387, 18, 3),
(388, 1, 3),
(388, 18, 3),
(389, 1, 3),
(389, 18, 0),
(390, 1, 1),
(390, 18, 0),
(391, 1, 0),
(391, 18, 1),
(392, 1, 0),
(392, 18, 0),
(393, 1, 2),
(393, 18, 0),
(394, 1, 1),
(394, 18, 0),
(395, 1, 2),
(395, 18, 0),
(396, 1, 0),
(396, 18, 1),
(397, 1, 0),
(397, 18, 2),
(398, 1, 0),
(398, 18, 3),
(399, 1, 0),
(399, 18, 3),
(400, 1, 0),
(400, 18, 3),
(401, 1, 0),
(401, 18, 2),
(402, 1, 0),
(402, 18, 0),
(403, 1, 0),
(403, 18, 0),
(404, 1, 0),
(404, 18, 0),
(405, 1, 0),
(405, 18, 0),
(406, 1, 0),
(406, 18, 2),
(407, 18, 0),
(407, 44, 3),
(410, 18, 1),
(410, 28, 1),
(413, 28, 3),
(414, 18, 0),
(414, 42, 0),
(415, 1, 0),
(415, 18, 0),
(416, 1, 1),
(416, 18, 1),
(418, 1, 3),
(418, 18, 3),
(419, 1, 0),
(419, 18, 0),
(420, 1, 3),
(420, 18, 3),
(421, 1, 3),
(421, 18, 3),
(422, 1, 3),
(422, 18, 3),
(423, 1, 2),
(423, 18, 0),
(424, 1, 3),
(424, 18, 0),
(425, 1, 2),
(425, 18, 0),
(426, 1, 0),
(426, 18, 3),
(427, 1, 0),
(427, 18, 2),
(428, 1, 0),
(428, 18, 3),
(429, 1, 0),
(429, 18, 3),
(430, 1, 0),
(430, 18, 0),
(431, 1, 1),
(431, 18, 3),
(432, 1, 3),
(432, 18, 0),
(433, 1, 2),
(433, 18, 0),
(434, 1, 0),
(434, 18, 0),
(435, 1, 0),
(435, 18, 2),
(436, 1, 0),
(436, 18, 1),
(437, 1, 3),
(437, 18, 3),
(438, 1, 0),
(438, 18, 2),
(439, 1, 0),
(439, 18, 0),
(440, 1, 0),
(440, 18, 1),
(441, 1, 0),
(441, 18, 0),
(442, 1, 0),
(442, 18, 2),
(443, 1, 0),
(443, 18, 1),
(444, 1, 0),
(444, 18, 0),
(445, 1, 0),
(445, 18, 0),
(445, 50, 3),
(446, 18, 2),
(446, 50, 0),
(447, 18, 0),
(447, 50, 0),
(448, 18, 0),
(448, 50, 0),
(449, 1, 0),
(449, 18, 1),
(449, 50, 3),
(450, 1, 0),
(450, 18, 1),
(452, 1, 0),
(452, 69, 0),
(453, 1, 0),
(453, 69, 0),
(454, 1, 0),
(454, 69, 0),
(455, 1, 0),
(455, 69, 0),
(456, 1, 0),
(456, 69, 0),
(457, 1, 0),
(457, 69, 0),
(458, 1, 0),
(458, 69, 0),
(459, 1, 0),
(459, 69, 0),
(460, 1, 0),
(460, 69, 0),
(461, 1, 0),
(461, 69, 0),
(462, 1, 0),
(462, 69, 0),
(463, 1, 0),
(463, 69, 0),
(464, 1, 0),
(464, 69, 0),
(466, 1, 0),
(466, 69, 0),
(467, 1, 1),
(467, 69, 1),
(470, 1, 0),
(470, 69, 0),
(471, 1, 0),
(471, 69, 0),
(472, 1, 0),
(472, 69, 0),
(473, 1, 0),
(473, 69, 0),
(474, 1, 0),
(474, 69, 0),
(475, 1, 0),
(475, 69, 0),
(476, 1, 0),
(476, 69, 0),
(477, 1, 0),
(477, 69, 0),
(478, 2, 0),
(478, 70, 0),
(479, 2, 0),
(479, 70, 1),
(479, 71, 0),
(480, 2, 0),
(480, 70, 0),
(480, 71, 0),
(481, 2, 0),
(481, 70, 0),
(481, 71, 0),
(482, 2, 0),
(482, 70, 0),
(482, 71, 0),
(483, 2, 0),
(483, 70, 0),
(483, 71, -1),
(484, 2, 0),
(484, 70, 0),
(484, 71, 0),
(485, 2, 0),
(485, 70, 0),
(485, 71, -1),
(486, 2, 0),
(486, 70, 0),
(486, 71, 0),
(487, 2, 0),
(487, 70, -1),
(487, 71, 0),
(488, 2, 0),
(488, 70, 0),
(488, 71, 0),
(489, 2, 0),
(489, 70, 0),
(489, 71, -1),
(490, 2, 0),
(490, 70, 0),
(490, 71, 0),
(491, 72, 0),
(491, 75, 0),
(492, 1, 0),
(492, 76, 0),
(492, 77, 0),
(493, 1, 0),
(493, 18, 0),
(494, 1, 0),
(494, 76, 0),
(494, 77, -1),
(496, 1, 3),
(496, 76, 3),
(496, 77, 3),
(501, 1, 0),
(501, 76, 0),
(501, 77, -1),
(502, 1, 0),
(502, 76, 0),
(502, 77, 0),
(503, 1, 0),
(503, 76, 0),
(503, 77, 0),
(504, 79, 0),
(504, 80, 0),
(504, 81, 0),
(505, 79, 0),
(505, 80, 0),
(505, 81, -1),
(506, 79, -2),
(506, 80, 1),
(506, 81, 0),
(507, 79, 0),
(507, 80, 1),
(507, 81, 0),
(508, 18, -2),
(508, 79, 0),
(508, 80, 0),
(509, 1, 1),
(509, 18, 2),
(511, 18, 2),
(511, 80, 3),
(512, 0, -4),
(512, 18, 0),
(512, 80, 3),
(513, 18, -3),
(513, 35, -2),
(513, 82, 0),
(513, 83, 0),
(514, 18, 0),
(514, 35, 0),
(515, 18, 2),
(515, 82, 0),
(515, 83, 0),
(516, 18, 0),
(516, 35, 0),
(516, 82, 0),
(516, 83, 0),
(517, 82, 1),
(517, 83, 0),
(518, 18, 0),
(518, 35, 0),
(518, 82, -1),
(518, 83, 0),
(519, 0, 0),
(519, 35, 0),
(519, 82, 0),
(519, 83, 0),
(520, 0, 0),
(520, 35, 0),
(520, 82, 0),
(520, 83, 0),
(521, 82, 1),
(521, 83, 2),
(521, 84, 0),
(521, 85, 0),
(522, 82, 0),
(522, 83, 1),
(522, 84, 1),
(522, 85, -1),
(523, 82, 1),
(523, 83, 1),
(523, 84, 0),
(523, 85, -3),
(524, 82, -1),
(524, 83, 2),
(524, 84, 0),
(524, 85, 0),
(525, 28, 3),
(525, 83, 3),
(525, 84, 0),
(526, 18, 0),
(526, 88, 0),
(526, 89, 0),
(528, 18, 0),
(528, 90, 0),
(528, 91, 2),
(529, 18, 0),
(529, 28, 3),
(529, 92, 3),
(539, 93, 3),
(539, 94, 3),
(539, 95, 3),
(539, 96, 3),
(539, 97, 3),
(539, 98, 3),
(539, 99, 3),
(540, 93, 1),
(540, 97, 0),
(540, 98, 0),
(540, 99, 0),
(541, 1, -1),
(541, 93, 1),
(541, 97, -1),
(541, 98, 0),
(541, 99, 0),
(542, 93, 2),
(542, 97, 1),
(542, 99, 3),
(543, 93, 1),
(543, 97, 0),
(543, 99, 2),
(544, 93, 1),
(544, 97, 0),
(544, 99, 3),
(559, 18, 2),
(559, 28, 2),
(559, 90, 2),
(560, 18, 0),
(560, 28, 0),
(560, 90, 0),
(561, 18, 0),
(561, 28, 1),
(561, 90, 1),
(562, 18, 1),
(562, 28, -2),
(562, 90, 0),
(562, 101, 1),
(563, 18, 1),
(563, 28, -1),
(563, 90, 0),
(563, 101, 0),
(564, 18, 2),
(564, 28, -1),
(564, 90, 0),
(564, 101, 0),
(565, 18, 1),
(565, 28, 0),
(565, 90, 2),
(565, 101, 0),
(566, 18, 0),
(566, 28, 1),
(566, 90, 2),
(566, 101, 0),
(567, 18, 3),
(567, 28, 0),
(567, 90, 0),
(567, 101, 3),
(568, 18, 2),
(568, 28, 0),
(568, 90, 0),
(568, 101, 1),
(569, 0, -2),
(569, 18, 1),
(569, 28, 0),
(569, 90, 0),
(569, 101, 1),
(570, 18, 1),
(570, 28, -2),
(570, 90, 0),
(570, 101, 1),
(571, 18, 2),
(571, 28, 0),
(571, 90, 0),
(571, 101, 1),
(572, 18, 3),
(572, 28, 2),
(572, 90, 2),
(572, 101, 3),
(574, 18, 0),
(574, 90, 0),
(574, 101, 0),
(576, 18, 0),
(576, 28, 1),
(576, 90, 0),
(576, 101, 0),
(577, 18, 2),
(577, 28, 0),
(577, 90, 1),
(577, 101, 0),
(578, 18, 2),
(578, 28, 1),
(578, 90, 2),
(578, 101, 2),
(581, 0, -3),
(581, 18, 1),
(581, 28, 0),
(581, 90, 1),
(581, 101, -1),
(582, 18, 3),
(582, 28, 0),
(582, 90, 3),
(582, 101, 0),
(583, 18, 3),
(583, 28, 0),
(583, 90, 3),
(583, 101, 0),
(585, 18, 0),
(585, 28, 2),
(585, 90, 0),
(585, 101, 2);

-- --------------------------------------------------------

--
-- Table structure for table `VP_Votes`
--

CREATE TABLE `VP_Votes` (
  `idPartie` int(11) NOT NULL,
  `tour` int(11) NOT NULL,
  `idQuestion` int(11) NOT NULL,
  `idJoueur` int(11) NOT NULL,
  `idReponse` int(11) NOT NULL
) ENGINE=InnoDB DEFAULT CHARSET=latin1;

--
-- Dumping data for table `VP_Votes`
--

INSERT INTO `VP_Votes` (`idPartie`, `tour`, `idQuestion`, `idJoueur`, `idReponse`) VALUES
(3, 0, 1, 2, 6),
(27, 0, 1, 3, 4),
(337, 0, 1, 1, 1),
(339, 0, 1, 18, 4),
(340, 0, 2, 1, 5),
(341, 0, 1, 1, 5),
(342, 0, 1, 1, 1),
(344, 0, 2, 1, 1),
(345, 0, 1, 1, 4),
(346, 0, 2, 18, 1),
(347, 0, 2, 1, 3),
(348, 0, 2, 1, 2),
(349, 0, 2, 18, 4),
(350, 0, 2, 1, 4),
(351, 0, 2, 1, 3),
(352, 0, 1, 18, 2),
(353, 0, 1, 18, 5),
(354, 0, 1, 1, 1),
(356, 0, 2, 18, 3),
(357, 0, 1, 18, 6),
(357, 0, 2, 1, 5),
(358, 0, 2, 1, 2),
(359, 0, 1, 18, 6),
(359, 0, 1, 28, 3),
(360, 0, 1, 18, 3),
(360, 0, 2, 0, 0),
(360, 0, 2, 1, 6),
(360, 0, 2, 28, 1),
(360, 0, 2, 29, 0),
(360, 0, 2, 31, 0),
(365, 0, 2, 35, 3),
(369, 0, 1, 18, 3),
(369, 0, 1, 35, 2),
(370, 0, 1, 18, 6),
(370, 0, 1, 35, 3),
(371, 0, 2, 18, 4),
(371, 0, 2, 35, 1),
(380, 0, 1, 35, 4),
(381, 0, 2, 18, 3),
(382, 0, 1, 18, 3),
(382, 0, 2, 18, 1),
(383, 0, 1, 1, 6),
(383, 0, 1, 18, 4),
(384, 0, 1, 1, 6),
(384, 0, 1, 18, 6),
(384, 0, 2, 1, 2),
(385, 0, 1, 1, 6),
(385, 0, 1, 18, 2),
(385, 0, 2, 18, 5),
(386, 0, 2, 1, 2),
(389, 0, 1, 1, 1),
(390, 0, 1, 1, 2),
(390, 0, 1, 18, 4),
(391, 0, 1, 18, 1),
(393, 0, 2, 1, 1),
(394, 0, 2, 1, 2),
(394, 0, 2, 18, 5),
(395, 0, 1, 1, 6),
(396, 0, 1, 1, 1),
(396, 0, 1, 18, 4),
(396, 0, 2, 18, 5),
(397, 0, 1, 18, 2),
(398, 0, 1, 18, 2),
(398, 0, 2, 18, 2),
(399, 0, 1, 18, 3),
(399, 0, 2, 18, 1),
(400, 0, 1, 18, 3),
(401, 0, 2, 18, 1),
(405, 0, 1, 18, 6),
(405, 0, 1, 42, 5),
(406, 0, 1, 18, 3),
(406, 0, 1, 43, 3),
(406, 0, 2, 18, 5),
(406, 0, 2, 43, 2),
(407, 0, 1, 44, 4),
(407, 0, 2, 44, 4),
(414, 0, 1, 18, 4),
(414, 0, 1, 42, 5),
(414, 0, 2, 18, 3),
(414, 0, 2, 42, 5),
(415, 0, 1, 1, 5),
(415, 0, 1, 18, 6),
(418, 0, 2, 1, 2),
(418, 0, 2, 18, 4),
(419, 0, 1, 1, 4),
(419, 0, 1, 18, 4),
(419, 0, 2, 1, 2),
(419, 0, 2, 18, 2),
(420, 0, 1, 1, 4),
(420, 0, 1, 18, 4),
(421, 0, 1, 1, 2),
(421, 0, 1, 18, 2),
(423, 0, 1, 1, 6),
(423, 0, 1, 18, 2),
(423, 0, 2, 1, 4),
(424, 0, 1, 1, 1),
(424, 0, 2, 1, 3),
(424, 0, 2, 18, 3),
(425, 0, 2, 1, 3),
(426, 0, 1, 18, 3),
(426, 0, 2, 1, 2),
(426, 0, 2, 18, 4),
(427, 0, 2, 18, 5),
(428, 0, 1, 18, 3),
(428, 0, 2, 18, 1),
(429, 0, 2, 18, 6),
(431, 0, 1, 1, 1),
(431, 0, 1, 18, 1),
(431, 0, 2, 18, 1),
(432, 0, 1, 1, 1),
(432, 1, 1, 18, 6),
(433, 0, 1, 1, 5),
(435, 1, 1, 18, 4),
(435, 0, 2, 18, 4),
(436, 3, 1, 18, 5),
(436, 2, 2, 1, 3),
(436, 2, 2, 18, 5),
(437, 1, 1, 18, 4),
(438, 3, 1, 18, 4),
(438, 2, 2, 18, 2),
(439, 3, 1, 1, 2),
(439, 3, 1, 18, 6),
(439, 2, 2, 1, 3),
(439, 2, 2, 18, 3),
(440, 1, 1, 18, 4),
(440, 2, 2, 1, 5),
(440, 2, 2, 18, 3),
(441, 1, 1, 1, 2),
(441, 1, 1, 18, 6),
(442, 1, 1, 18, 1),
(442, 2, 2, 18, 2),
(443, 1, 2, 18, 4),
(444, 2, 1, 1, 5),
(444, 2, 1, 18, 5),
(444, 4, 2, 1, 4),
(444, 1, 2, 18, 4),
(445, 1, 1, 1, 5),
(445, 1, 1, 18, 5),
(445, 3, 2, 1, 5),
(445, 3, 2, 18, 4),
(445, 5, 2, 50, 3),
(446, 2, 1, 18, 5),
(447, 3, 2, 2, 3),
(447, 3, 2, 18, 6),
(449, 3, 2, 1, 4),
(449, 1, 2, 18, 6),
(449, 3, 2, 50, 6),
(450, 1, 1, 18, 3),
(450, 2, 2, 1, 4),
(450, 2, 2, 18, 6),
(479, 3, 2, 70, 5),
(482, 1, 1, 2, 5),
(482, 1, 1, 70, 5),
(482, 1, 1, 71, 2),
(483, 1, 1, 2, 3),
(483, 1, 1, 70, 3),
(483, 1, 1, 71, 5),
(484, 1, 1, 2, 5),
(484, 1, 1, 70, 1),
(484, 1, 1, 71, 6),
(484, 2, 2, 71, 1),
(485, 1, 2, 2, 1),
(485, 1, 2, 70, 1),
(485, 1, 2, 71, 5),
(486, 1, 1, 2, 4),
(486, 1, 1, 70, 4),
(486, 1, 1, 71, 1),
(487, 1, 2, 2, 2),
(487, 1, 2, 70, 6),
(487, 1, 2, 71, 2),
(488, 1, 2, 2, 6),
(488, 1, 2, 70, 6),
(488, 1, 2, 71, 1),
(489, 2, 1, 2, 2),
(489, 2, 1, 70, 2),
(489, 2, 1, 71, 5),
(489, 1, 2, 2, 6),
(489, 1, 2, 70, 5),
(489, 1, 2, 71, 5),
(490, 1, 1, 2, 5),
(490, 1, 1, 70, 5),
(490, 1, 1, 71, 3),
(490, 2, 2, 2, 1),
(490, 2, 2, 70, 1),
(490, 3, 2, 71, 1),
(491, 4, 1, 72, 2),
(491, 4, 1, 75, 5),
(491, 1, 2, 72, 3),
(491, 1, 2, 75, 3),
(492, 1, 1, 1, 1),
(492, 1, 1, 76, 3),
(492, 1, 1, 77, 3),
(492, 2, 2, 1, 1),
(492, 2, 2, 76, 1),
(492, 2, 2, 77, 5),
(493, 1, 2, 1, 2),
(493, 1, 2, 18, 5),
(494, 1, 1, 1, 3),
(494, 1, 1, 76, 3),
(494, 1, 1, 77, 5),
(494, 3, 2, 1, 2),
(494, 3, 2, 76, 4),
(494, 3, 2, 77, 4),
(501, 1, 2, 1, 5),
(501, 1, 2, 76, 5),
(501, 1, 2, 77, 6),
(502, 1, 2, 1, 6),
(502, 1, 2, 76, 3),
(502, 1, 2, 77, 3),
(503, 1, 1, 1, 5),
(503, 1, 1, 76, 4),
(503, 1, 1, 77, 4),
(503, 3, 2, 1, 1),
(503, 3, 2, 76, 2),
(503, 3, 2, 77, 2),
(504, 1, 1, 79, 3),
(504, 2, 1, 79, 4),
(504, 1, 1, 80, 3),
(504, 2, 1, 80, 4),
(504, 1, 1, 81, 1),
(504, 2, 1, 81, 3),
(505, 1, 1, 79, 3),
(505, 1, 1, 80, 3),
(505, 1, 1, 81, 1),
(505, 3, 2, 79, 4),
(505, 3, 2, 80, 4),
(505, 3, 2, 81, 6),
(506, 2, 1, 79, 3),
(506, 3, 1, 79, 5),
(506, 2, 1, 80, 1),
(506, 3, 1, 80, 5),
(506, 5, 1, 80, 6),
(506, 2, 1, 81, 1),
(506, 3, 1, 81, 5),
(506, 5, 1, 81, 6),
(506, 1, 2, 79, 3),
(506, 4, 2, 79, 3),
(506, 1, 2, 80, 3),
(506, 4, 2, 80, 6),
(506, 6, 2, 80, 6),
(506, 1, 2, 81, 5),
(506, 4, 2, 81, 6),
(506, 6, 2, 81, 6),
(507, 1, 1, 79, 6),
(507, 2, 1, 79, 3),
(507, 3, 1, 79, 4),
(507, 1, 1, 80, 3),
(507, 2, 1, 80, 3),
(507, 3, 1, 80, 6),
(507, 1, 1, 81, 3),
(507, 2, 1, 81, 6),
(507, 3, 1, 81, 6),
(508, 2, 1, 18, 3),
(508, 2, 1, 79, 6),
(508, 2, 1, 80, 6),
(508, 1, 2, 79, 5),
(508, 3, 2, 79, 5),
(508, 1, 2, 80, 5),
(508, 3, 2, 80, 5),
(509, 1, 1, 1, 5),
(509, 1, 1, 18, 1),
(509, 4, 1, 18, 1),
(509, 6, 1, 18, 5),
(509, 3, 2, 1, 6),
(509, 5, 2, 1, 5),
(509, 3, 2, 18, 1),
(509, 5, 2, 18, 5),
(511, 1, 1, 80, 5),
(512, 4, 1, 18, 3),
(512, 1, 1, 80, 3),
(512, 4, 1, 80, 1),
(512, 6, 1, 80, 6),
(512, 2, 2, 18, 6),
(512, 3, 2, 18, 3),
(512, 5, 2, 18, 1),
(512, 2, 2, 80, 1),
(512, 3, 2, 80, 4),
(512, 5, 2, 80, 2),
(512, 7, 2, 80, 2),
(513, 3, 1, 18, 4),
(513, 4, 1, 18, 4),
(513, 3, 1, 35, 3),
(513, 4, 1, 35, 1),
(513, 3, 1, 82, 6),
(513, 4, 1, 82, 2),
(513, 6, 1, 82, 2),
(513, 3, 1, 83, 4),
(513, 4, 1, 83, 1),
(513, 6, 1, 83, 4),
(513, 1, 2, 18, 1),
(513, 2, 2, 18, 2),
(513, 1, 2, 35, 1),
(513, 2, 2, 35, 2),
(513, 1, 2, 82, 1),
(513, 2, 2, 82, 3),
(513, 5, 2, 82, 1),
(513, 1, 2, 83, 1),
(513, 2, 2, 83, 3),
(513, 5, 2, 83, 1),
(515, 2, 1, 18, 3),
(515, 2, 1, 35, 4),
(515, 3, 1, 35, 5),
(515, 1, 2, 18, 6),
(515, 1, 2, 35, 6),
(516, 3, 1, 18, 5),
(516, 3, 1, 35, 5),
(516, 3, 1, 82, 1),
(516, 3, 1, 83, 2),
(516, 1, 2, 18, 4),
(516, 2, 2, 18, 6),
(516, 1, 2, 35, 4),
(516, 2, 2, 35, 6),
(516, 1, 2, 82, 1),
(516, 2, 2, 82, 3),
(516, 1, 2, 83, 1),
(516, 2, 2, 83, 6),
(517, 1, 1, 82, 2),
(518, 1, 1, 18, 1),
(518, 2, 1, 18, 5),
(518, 1, 1, 35, 1),
(518, 2, 1, 35, 5),
(518, 1, 1, 82, 4),
(518, 2, 1, 82, 1),
(518, 1, 1, 83, 4),
(518, 2, 1, 83, 5),
(518, 3, 2, 18, 3),
(518, 3, 2, 35, 3),
(518, 3, 2, 82, 6),
(518, 3, 2, 83, 1),
(519, 1, 1, 0, 3),
(519, 1, 1, 35, 3),
(519, 2, 1, 82, 4),
(519, 2, 1, 83, 4),
(521, 2, 1, 82, 1),
(521, 2, 1, 83, 1),
(521, 2, 1, 84, 3),
(521, 2, 1, 85, 3),
(521, 1, 2, 82, 2),
(521, 3, 2, 82, 2),
(521, 5, 2, 82, 5),
(521, 1, 2, 83, 6),
(521, 3, 2, 83, 2),
(521, 5, 2, 83, 5),
(521, 1, 2, 84, 6),
(521, 3, 2, 84, 5),
(521, 5, 2, 84, 1),
(521, 1, 2, 85, 6),
(521, 3, 2, 85, 6),
(522, 1, 1, 82, 1),
(522, 2, 1, 82, 4),
(522, 3, 1, 82, 5),
(522, 6, 1, 82, 1),
(522, 1, 1, 83, 3),
(522, 3, 1, 83, 5),
(522, 6, 1, 83, 2),
(522, 1, 1, 84, 2),
(522, 3, 1, 84, 6),
(522, 6, 1, 84, 2),
(522, 3, 1, 85, 3),
(522, 6, 1, 85, 2),
(522, 4, 2, 82, 6),
(522, 5, 2, 83, 1),
(522, 7, 2, 83, 3),
(522, 4, 2, 84, 6),
(522, 5, 2, 84, 1),
(522, 7, 2, 84, 3),
(522, 4, 2, 85, 6),
(522, 5, 2, 85, 3),
(522, 7, 2, 85, 3),
(523, 1, 1, 82, 3),
(523, 3, 1, 82, 3),
(523, 5, 1, 82, 1),
(523, 1, 1, 83, 3),
(523, 3, 1, 83, 3),
(523, 5, 1, 83, 1),
(523, 1, 1, 84, 3),
(523, 3, 1, 84, 4),
(523, 5, 1, 84, 2),
(523, 1, 1, 85, 5),
(523, 3, 1, 85, 4),
(523, 2, 2, 82, 6),
(523, 4, 2, 82, 5),
(523, 2, 2, 83, 6),
(523, 4, 2, 83, 5),
(523, 2, 2, 84, 6),
(523, 4, 2, 84, 5),
(523, 2, 2, 85, 5),
(524, 1, 1, 82, 5),
(524, 3, 1, 82, 3),
(524, 4, 1, 82, 6),
(524, 1, 1, 83, 5),
(524, 3, 1, 83, 6),
(524, 4, 1, 83, 2),
(524, 1, 1, 84, 1),
(524, 3, 1, 84, 2),
(524, 1, 1, 85, 1),
(524, 3, 1, 85, 2),
(524, 2, 2, 82, 2),
(524, 5, 2, 82, 1),
(524, 2, 2, 83, 4),
(524, 5, 2, 83, 3),
(524, 6, 2, 83, 1),
(524, 7, 2, 83, 3),
(524, 2, 2, 84, 4),
(524, 6, 2, 84, 1),
(524, 2, 2, 85, 4),
(524, 5, 2, 85, 6),
(525, 1, 1, 28, 6),
(525, 2, 1, 28, 3),
(525, 3, 1, 28, 6),
(525, 1, 1, 83, 6),
(525, 2, 1, 83, 3),
(525, 3, 1, 83, 6),
(525, 1, 1, 84, 1),
(525, 2, 1, 84, 3),
(525, 3, 1, 84, 1),
(525, 4, 2, 28, 1),
(525, 4, 2, 83, 1),
(525, 4, 2, 84, 3),
(526, 2, 1, 18, 4),
(526, 3, 1, 18, 4),
(526, 2, 1, 88, 3),
(526, 3, 1, 88, 5),
(526, 2, 1, 89, 2),
(526, 3, 1, 89, 2),
(528, 1, 1, 18, 5),
(528, 1, 1, 90, 5),
(528, 1, 1, 91, 5),
(528, 2, 1, 91, 4),
(528, 3, 2, 91, 4),
(529, 5, 1, 18, 6),
(529, 5, 1, 28, 3),
(529, 5, 1, 92, 3),
(529, 1, 2, 18, 3),
(529, 2, 2, 18, 6),
(529, 3, 2, 18, 1),
(529, 4, 2, 18, 5),
(529, 1, 2, 28, 3),
(529, 2, 2, 28, 5),
(529, 3, 2, 28, 3),
(529, 4, 2, 28, 6),
(529, 1, 2, 92, 3),
(529, 2, 2, 92, 5),
(529, 3, 2, 92, 5),
(529, 4, 2, 92, 6),
(540, 3, 1, 93, 2),
(540, 1, 2, 93, 1),
(540, 1, 2, 97, 2),
(540, 1, 2, 98, 1),
(540, 1, 2, 99, 2),
(541, 2, 1, 1, 6),
(541, 3, 1, 1, 2),
(541, 2, 1, 93, 4),
(541, 3, 1, 93, 3),
(541, 6, 1, 93, 4),
(541, 2, 1, 97, 5),
(541, 2, 1, 98, 5),
(541, 5, 1, 98, 6),
(541, 2, 1, 99, 4),
(541, 1, 2, 1, 1),
(541, 4, 2, 1, 1),
(541, 1, 2, 93, 4),
(541, 1, 2, 97, 4),
(541, 1, 2, 98, 4),
(541, 1, 2, 99, 4),
(541, 4, 2, 99, 3),
(542, 2, 1, 93, 6),
(542, 4, 1, 93, 4),
(542, 2, 1, 97, 4),
(542, 4, 1, 97, 3),
(542, 2, 1, 99, 4),
(542, 1, 2, 93, 2),
(542, 3, 2, 93, 5),
(542, 1, 2, 97, 4),
(542, 3, 2, 97, 3),
(542, 1, 2, 99, 2),
(542, 3, 2, 99, 5),
(543, 1, 1, 93, 2),
(543, 2, 1, 93, 6),
(543, 3, 1, 93, 3),
(543, 4, 1, 93, 2),
(543, 1, 1, 97, 2),
(543, 2, 1, 97, 1),
(543, 3, 1, 97, 4),
(543, 4, 1, 97, 3),
(543, 1, 1, 99, 2),
(543, 2, 1, 99, 6),
(543, 3, 1, 99, 4),
(543, 4, 1, 99, 2),
(543, 5, 2, 93, 1),
(543, 5, 2, 97, 1),
(543, 5, 2, 99, 1),
(544, 1, 1, 93, 5),
(544, 2, 1, 93, 5),
(544, 4, 1, 93, 1),
(544, 5, 1, 93, 5),
(544, 7, 1, 93, 4),
(544, 1, 1, 97, 2),
(544, 2, 1, 97, 5),
(544, 4, 1, 97, 1),
(544, 5, 1, 97, 2),
(544, 7, 1, 97, 2),
(544, 1, 1, 99, 2),
(544, 2, 1, 99, 5),
(544, 4, 1, 99, 1),
(544, 5, 1, 99, 5),
(544, 7, 1, 99, 4),
(544, 3, 2, 93, 4),
(544, 6, 2, 93, 6),
(544, 3, 2, 97, 5),
(544, 6, 2, 97, 1),
(544, 3, 2, 99, 5),
(544, 6, 2, 99, 6),
(559, 1, 2, 18, 2),
(559, 1, 2, 28, 2),
(559, 1, 2, 90, 2),
(560, 1, 1, 18, 5),
(560, 1, 1, 28, 5),
(560, 1, 1, 90, 5),
(560, 4, 2, 18, 3),
(560, 4, 2, 28, 2),
(560, 4, 2, 90, 6),
(561, 3, 1, 18, 4),
(561, 3, 1, 28, 2),
(561, 3, 1, 90, 3),
(561, 2, 2, 18, 4),
(561, 1, 2, 28, 6),
(561, 2, 2, 28, 4),
(561, 1, 2, 90, 6),
(561, 2, 2, 90, 4),
(562, 5, 1, 18, 3),
(562, 5, 1, 90, 3),
(562, 5, 1, 101, 3),
(562, 1, 2, 18, 2),
(562, 3, 2, 18, 3),
(562, 4, 2, 18, 1),
(562, 6, 2, 18, 5),
(562, 1, 2, 28, 2),
(562, 3, 2, 28, 2),
(562, 1, 2, 90, 2),
(562, 3, 2, 90, 4),
(562, 1, 2, 101, 2),
(562, 3, 2, 101, 4),
(562, 4, 2, 101, 1),
(563, 1, 1, 18, 2),
(563, 1, 1, 28, 5),
(563, 1, 1, 90, 2),
(563, 1, 1, 101, 1),
(563, 3, 2, 18, 4),
(563, 3, 2, 101, 3),
(564, 3, 1, 18, 5),
(564, 3, 1, 28, 5),
(564, 3, 1, 90, 5),
(564, 3, 1, 101, 5),
(564, 1, 2, 18, 3),
(564, 2, 2, 18, 2),
(564, 4, 2, 18, 3),
(564, 1, 2, 28, 6),
(564, 1, 2, 90, 5),
(564, 4, 2, 90, 3),
(564, 1, 2, 101, 3),
(565, 2, 1, 90, 5),
(565, 1, 2, 18, 3),
(565, 1, 2, 28, 5),
(565, 1, 2, 90, 3),
(565, 1, 2, 101, 6),
(566, 3, 1, 18, 4),
(566, 2, 1, 28, 1),
(566, 3, 1, 28, 1),
(566, 2, 1, 90, 1),
(566, 3, 1, 90, 4),
(566, 3, 1, 101, 4),
(566, 1, 2, 18, 4),
(566, 1, 2, 28, 1),
(566, 1, 2, 90, 1),
(566, 1, 2, 101, 6),
(567, 1, 1, 18, 6),
(567, 1, 1, 28, 2),
(567, 1, 1, 90, 3),
(567, 1, 1, 101, 6),
(567, 2, 2, 18, 4),
(567, 3, 2, 18, 3),
(567, 2, 2, 28, 2),
(567, 2, 2, 90, 3),
(567, 2, 2, 101, 4),
(567, 3, 2, 101, 3),
(568, 2, 1, 18, 4),
(568, 1, 2, 18, 3),
(568, 1, 2, 28, 1),
(568, 1, 2, 90, 4),
(568, 1, 2, 101, 3),
(569, 1, 1, 18, 2),
(569, 4, 1, 18, 5),
(569, 1, 1, 28, 6),
(569, 4, 1, 28, 4),
(569, 1, 1, 90, 4),
(569, 4, 1, 90, 4),
(569, 1, 1, 101, 2),
(569, 4, 1, 101, 5),
(569, 2, 2, 18, 2),
(569, 5, 2, 18, 5),
(569, 2, 2, 28, 4),
(569, 2, 2, 90, 4),
(569, 5, 2, 101, 5),
(570, 3, 1, 18, 2),
(570, 4, 1, 18, 3),
(570, 3, 1, 28, 4),
(570, 4, 1, 28, 6),
(570, 3, 1, 90, 2),
(570, 4, 1, 90, 3),
(570, 4, 1, 101, 3),
(570, 5, 1, 101, 1),
(570, 1, 2, 18, 2),
(570, 2, 2, 18, 6),
(570, 1, 2, 28, 6),
(570, 2, 2, 28, 2),
(570, 1, 2, 90, 5),
(570, 2, 2, 90, 2),
(570, 1, 2, 101, 2),
(570, 2, 2, 101, 6),
(571, 3, 1, 18, 5),
(571, 1, 2, 18, 1),
(571, 1, 2, 28, 3),
(571, 1, 2, 90, 6),
(571, 1, 2, 101, 1),
(572, 3, 1, 18, 2),
(572, 3, 1, 28, 1),
(572, 3, 1, 90, 6),
(572, 3, 1, 101, 2),
(572, 1, 2, 18, 3),
(572, 2, 2, 18, 6),
(572, 1, 2, 28, 2),
(572, 2, 2, 28, 3),
(572, 1, 2, 90, 2),
(572, 2, 2, 90, 3),
(572, 1, 2, 101, 3),
(572, 2, 2, 101, 6),
(576, 2, 1, 28, 4),
(577, 1, 2, 18, 5),
(577, 3, 2, 18, 1),
(577, 1, 2, 90, 5),
(577, 1, 2, 101, 1),
(578, 1, 1, 18, 2),
(578, 1, 1, 28, 1),
(578, 1, 1, 90, 2),
(578, 2, 1, 101, 1),
(581, 3, 1, 18, 4),
(581, 4, 1, 18, 1),
(581, 3, 1, 28, 5),
(581, 4, 1, 28, 5),
(581, 3, 1, 90, 4),
(581, 4, 1, 90, 3),
(581, 3, 1, 101, 1),
(581, 1, 2, 18, 2),
(581, 2, 2, 18, 2),
(581, 1, 2, 28, 1),
(581, 2, 2, 28, 5),
(581, 1, 2, 90, 2),
(581, 2, 2, 90, 2),
(581, 1, 2, 101, 1),
(581, 2, 2, 101, 5),
(582, 1, 1, 18, 6),
(582, 2, 1, 18, 6),
(582, 1, 1, 28, 5),
(582, 1, 1, 90, 6),
(582, 2, 1, 90, 6),
(582, 1, 1, 101, 1),
(582, 2, 1, 101, 4),
(582, 3, 2, 18, 3),
(582, 3, 2, 28, 5),
(582, 3, 2, 90, 3),
(583, 2, 1, 18, 4),
(583, 2, 1, 28, 1),
(583, 2, 1, 90, 4),
(583, 2, 1, 101, 2),
(583, 1, 2, 18, 3),
(583, 3, 2, 18, 1),
(583, 4, 2, 18, 4),
(583, 1, 2, 28, 4),
(583, 3, 2, 28, 2),
(583, 4, 2, 28, 1),
(583, 1, 2, 90, 3),
(583, 3, 2, 90, 1),
(583, 4, 2, 90, 4),
(583, 1, 2, 101, 4),
(585, 1, 2, 18, 5),
(585, 1, 2, 28, 1),
(585, 3, 2, 28, 3),
(585, 1, 2, 90, 3),
(585, 1, 2, 101, 1),
(585, 3, 2, 101, 3);

--
-- Indexes for dumped tables
--

--
-- Indexes for table `VP_Joueur`
--
ALTER TABLE `VP_Joueur`
  ADD PRIMARY KEY (`idJoueur`);

--
-- Indexes for table `VP_Partie`
--
ALTER TABLE `VP_Partie`
  ADD PRIMARY KEY (`idPartie`);

--
-- Indexes for table `VP_PartieEtat`
--
ALTER TABLE `VP_PartieEtat`
  ADD PRIMARY KEY (`idEtat`);

--
-- Indexes for table `VP_Question`
--
ALTER TABLE `VP_Question`
  ADD PRIMARY KEY (`idQuestion`);

--
-- Indexes for table `VP_Reponse`
--
ALTER TABLE `VP_Reponse`
  ADD PRIMARY KEY (`idReponse`);

--
-- Indexes for table `VP_Vies`
--
ALTER TABLE `VP_Vies`
  ADD PRIMARY KEY (`idPartie`,`idJoueur`);

--
-- Indexes for table `VP_Votes`
--
ALTER TABLE `VP_Votes`
  ADD PRIMARY KEY (`idPartie`,`idQuestion`,`idJoueur`,`tour`) USING BTREE;

--
-- AUTO_INCREMENT for dumped tables
--

--
-- AUTO_INCREMENT for table `VP_Joueur`
--
ALTER TABLE `VP_Joueur`
  MODIFY `idJoueur` int(11) NOT NULL AUTO_INCREMENT, AUTO_INCREMENT=102;
--
-- AUTO_INCREMENT for table `VP_Partie`
--
ALTER TABLE `VP_Partie`
  MODIFY `idPartie` int(11) NOT NULL AUTO_INCREMENT, AUTO_INCREMENT=598;
--
-- AUTO_INCREMENT for table `VP_PartieEtat`
--
ALTER TABLE `VP_PartieEtat`
  MODIFY `idEtat` int(11) NOT NULL AUTO_INCREMENT, AUTO_INCREMENT=5;
--
-- AUTO_INCREMENT for table `VP_Question`
--
ALTER TABLE `VP_Question`
  MODIFY `idQuestion` int(11) NOT NULL AUTO_INCREMENT, AUTO_INCREMENT=3;
--
-- AUTO_INCREMENT for table `VP_Reponse`
--
ALTER TABLE `VP_Reponse`
  MODIFY `idReponse` int(11) NOT NULL AUTO_INCREMENT, AUTO_INCREMENT=7;COMMIT;

/*!40101 SET CHARACTER_SET_CLIENT=@OLD_CHARACTER_SET_CLIENT */;
/*!40101 SET CHARACTER_SET_RESULTS=@OLD_CHARACTER_SET_RESULTS */;
/*!40101 SET COLLATION_CONNECTION=@OLD_COLLATION_CONNECTION */;
